ordernumber,quantityordered,priceeach,orderlinenumber,sales,status,qtr_id,month_id,year_id,productline,msrp,productcode,customername,phone,addressline1,addressline2,city,state,postalcode,country,territory,contactlastname,contactfirstname,dealsize,order_date
10107,30,95.7,2,2871,Shipped,1,2,2003,Motorcycles,95,S10_1678,Land of Toys Inc.,2125557818,897 Long Airport Avenue,Not Provided,NYC,NY,10022,USA,Unknown,Yu,Kwai,Small,2/24/2003
10121,34,81.35,5,2765.9,Shipped,2,5,2003,Motorcycles,95,S10_1678,Reims Collectables,26.47.1555,59 rue de l'Abbaye,Not Provided,Reims,CA,51100,France,EMEA,Henriot,Paul,Small,5/7/2003
10134,41,94.74,2,3884.34,Shipped,3,7,2003,Motorcycles,95,S10_1678,Lyon Souveniers,+33 1 46 62 7555,27 rue du Colonel Pierre Avia,Not Provided,Paris,CA,75508,France,EMEA,Da Cunha,Daniel,Medium,7/1/2003
10145,45,83.26,6,3746.7,Shipped,3,8,2003,Motorcycles,95,S10_1678,Toys4GrownUps.com,6265557265,78934 Hillside Dr.,Not Provided,Pasadena,CA,90003,USA,Unknown,Young,Julie,Medium,8/25/2003
10159,49,100,14,5205.27,Shipped,4,10,2003,Motorcycles,95,S10_1678,Corporate Gift Ideas Co.,6505551386,7734 Strong St.,Not Provided,San Francisco,CA,,USA,Unknown,Brown,Julie,Medium,10/10/2003
10168,36,96.66,1,3479.76,Shipped,4,10,2003,Motorcycles,95,S10_1678,Technics Stores Inc.,6505556809,9408 Furth Circle,Not Provided,Burlingame,CA,94217,USA,Unknown,Hirano,Juri,Medium,10/28/2003
10180,29,86.13,9,2497.77,Shipped,4,11,2003,Motorcycles,95,S10_1678,Daedalus Designs Imports,20.16.1555,"184, chausse de Tournai",Not Provided,Lille,CA,59000,France,EMEA,Rance,Martine,Small,11/11/2003
10188,48,100,1,5512.32,Shipped,4,11,2003,Motorcycles,95,S10_1678,Herkku Gifts,+47 2267 3215,"Drammen 121, PR 744 Sentrum",Not Provided,Bergen,CA,N 5804,Norway,EMEA,Oeztan,Veysel,Medium,11/18/2003
10201,22,98.57,2,2168.54,Shipped,4,12,2003,Motorcycles,95,S10_1678,Mini Wheels Co.,6505555787,5557 North Pendale Street,Not Provided,San Francisco,CA,,USA,Unknown,Murphy,Julie,Small,12/1/2003
10211,41,100,14,4708.44,Shipped,1,1,2004,Motorcycles,95,S10_1678,Auto Canal Petit,(1) 47.55.6555,"25, rue Lauriston",Not Provided,Paris,CA,75016,France,EMEA,Perrier,Dominique,Medium,1/15/2004
10223,37,100,1,3965.66,Shipped,1,2,2004,Motorcycles,95,S10_1678,"Australian Collectors, Co.",03 9520 4555,636 St Kilda Road,Level 3,Melbourne,Victoria,3004,Australia,APAC,Ferguson,Peter,Medium,2/20/2004
10237,23,100,7,2333.12,Shipped,2,4,2004,Motorcycles,95,S10_1678,Vitachrome Inc.,2125551500,2678 Kingston Rd.,Suite 101,NYC,NY,10022,USA,Unknown,Frick,Michael,Small,4/5/2004
10251,28,100,2,3188.64,Shipped,2,5,2004,Motorcycles,95,S10_1678,Tekni Collectables Inc.,2015559350,7476 Moss Rd.,Not Provided,Newark,NJ,94019,USA,Unknown,Brown,William,Medium,5/18/2004
10263,34,100,2,3676.76,Shipped,2,6,2004,Motorcycles,95,S10_1678,Gift Depot Inc.,2035552570,25593 South Bay Ln.,Not Provided,Bridgewater,CT,97562,USA,Unknown,King,Julie,Medium,6/28/2004
10275,45,92.83,1,4177.35,Shipped,3,7,2004,Motorcycles,95,S10_1678,La Rochelle Gifts,40.67.8555,"67, rue des Cinquante Otages",Not Provided,Nantes,CA,44000,France,EMEA,Labrune,Janine,Medium,7/23/2004
10285,36,100,6,4099.68,Shipped,3,8,2004,Motorcycles,95,S10_1678,Marta's Replicas Co.,6175558555,39323 Spinnaker Dr.,Not Provided,Cambridge,MA,51247,USA,Unknown,Hernandez,Marta,Medium,8/27/2004
10299,23,100,9,2597.39,Shipped,3,9,2004,Motorcycles,95,S10_1678,"Toys of Finland, Co.",90-224 8555,Keskuskatu 45,Not Provided,Helsinki,CA,21240,Finland,EMEA,Karttunen,Matti,Small,9/30/2004
10309,41,100,5,4394.38,Shipped,4,10,2004,Motorcycles,95,S10_1678,Baane Mini Imports,07-98 9555,Erling Skakkes gate 78,Not Provided,Stavern,CA,4110,Norway,EMEA,Bergulfsen,Jonas,Medium,10/15/2004
10318,46,94.74,1,4358.04,Shipped,4,11,2004,Motorcycles,95,S10_1678,Diecast Classics Inc.,2155551555,7586 Pompton St.,Not Provided,Allentown,PA,70267,USA,Unknown,Yu,Kyung,Medium,11/2/2004
10329,42,100,1,4396.14,Shipped,4,11,2004,Motorcycles,95,S10_1678,Land of Toys Inc.,2125557818,897 Long Airport Avenue,Not Provided,NYC,NY,10022,USA,Unknown,Yu,Kwai,Medium,11/15/2004
10341,41,100,9,7737.93,Shipped,4,11,2004,Motorcycles,95,S10_1678,Salzburg Collectables,6562-9555,Geislweg 14,Not Provided,Salzburg,CA,5020,Austria,EMEA,Pipps,Georg,Large,11/24/2004
10361,20,72.55,13,1451,Shipped,4,12,2004,Motorcycles,95,S10_1678,Souveniers And Things Co.,+61 2 9495 8555,"Monitor Money Building, 815 Pacific Hwy",Level 6,Chatswood,NSW,2067,Australia,APAC,Huxley,Adrian,Small,12/17/2004
10375,21,34.91,12,733.11,Shipped,1,2,2005,Motorcycles,95,S10_1678,La Rochelle Gifts,40.67.8555,"67, rue des Cinquante Otages",Not Provided,Nantes,CA,44000,France,EMEA,Labrune,Janine,Small,2/3/2005
10388,42,76.36,4,3207.12,Shipped,1,3,2005,Motorcycles,95,S10_1678,FunGiftIdeas.com,5085552555,1785 First Street,Not Provided,New Bedford,MA,50553,USA,Unknown,Benitez,Violeta,Medium,3/3/2005
10403,24,100,7,2434.56,Shipped,2,4,2005,Motorcycles,95,S10_1678,"UK Collectables, Ltd.",(171) 555-2282,Berkeley Gardens 12  Brewery,Not Provided,Liverpool,CA,WX1 6LT,UK,EMEA,Devon,Elizabeth,Small,4/8/2005
10417,66,100,2,7516.08,Disputed,2,5,2005,Motorcycles,95,S10_1678,Euro Shopping Channel,(91) 555 94 44,"C/ Moralzarzal, 86",Not Provided,Madrid,CA,28034,Spain,EMEA,Freyre,Diego,Large,5/13/2005
10103,26,100,11,5404.62,Shipped,1,1,2003,Classic Cars,214,S10_1949,Baane Mini Imports,07-98 9555,Erling Skakkes gate 78,Not Provided,Stavern,CA,4110,Norway,EMEA,Bergulfsen,Jonas,Medium,1/29/2003
10112,29,100,1,7209.11,Shipped,1,3,2003,Classic Cars,214,S10_1949,"Volvo Model Replicas, Co",0921-12 3555,Berguvsvgen  8,Not Provided,Lule,CA,S-958 22,Sweden,EMEA,Berglund,Christina,Large,3/24/2003
10126,38,100,11,7329.06,Shipped,2,5,2003,Classic Cars,214,S10_1949,"Corrida Auto Replicas, Ltd",(91) 555 22 82,"C/ Araquil, 67",Not Provided,Madrid,CA,28023,Spain,EMEA,Sommer,Mart¡n,Large,5/28/2003
10140,37,100,11,7374.1,Shipped,3,7,2003,Classic Cars,214,S10_1949,Technics Stores Inc.,6505556809,9408 Furth Circle,Not Provided,Burlingame,CA,94217,USA,Unknown,Hirano,Juri,Large,7/24/2003
10150,45,100,8,10993.5,Shipped,3,9,2003,Classic Cars,214,S10_1949,"Dragon Souveniers, Ltd.",+65 221 7555,"Bronz Sok., Bronz Apt. 3/6 Tesvikiye",Not Provided,Singapore,CA,79903,Singapore,Japan,Natividad,Eric,Large,9/19/2003
10163,21,100,1,4860.24,Shipped,4,10,2003,Classic Cars,214,S10_1949,Classic Legends Inc.,2125558493,5905 Pompton St.,Suite 750,NYC,NY,10022,USA,Unknown,Hernandez,Maria,Medium,10/20/2003
10174,34,100,4,8014.82,Shipped,4,11,2003,Classic Cars,214,S10_1949,"Australian Gift Network, Co",61-7-3844-6555,31 Duncan St. West End,Not Provided,South Brisbane,Queensland,4101,Australia,APAC,Calaghan,Tony,Large,11/6/2003
10183,23,100,8,5372.57,Shipped,4,11,2003,Classic Cars,214,S10_1949,"Classic Gift Ideas, Inc",2155554695,782 First Street,Not Provided,Philadelphia,PA,71270,USA,Unknown,Cervantes,Francisca,Medium,11/13/2003
10194,42,100,11,7290.36,Shipped,4,11,2003,Classic Cars,214,S10_1949,"Saveley & Henriot, Co.",78.32.5555,"2, rue du Commerce",Not Provided,Lyon,CA,69004,France,EMEA,Saveley,Mary,Large,11/25/2003
10206,47,100,6,9064.89,Shipped,4,12,2003,Classic Cars,214,S10_1949,Canadian Gift Exchange Network,(604) 555-3392,1900 Oak St.,Not Provided,Vancouver,BC,V3F 2K1,Canada,Unknown,Tannamuri,Yoshi,Large,12/5/2003
10215,35,100,3,6075.3,Shipped,1,1,2004,Classic Cars,214,S10_1949,West Coast Collectables Co.,3105553722,3675 Furth Circle,Not Provided,Burbank,CA,94019,USA,Unknown,Thompson,Steve,Medium,1/29/2004
10228,29,100,2,6463.23,Shipped,1,3,2004,Classic Cars,214,S10_1949,Cambridge Collectables Co.,6175555555,4658 Baden Av.,Not Provided,Cambridge,MA,51247,USA,Unknown,Tseng,Kyung,Medium,3/10/2004
10245,34,100,9,6120.34,Shipped,2,5,2004,Classic Cars,214,S10_1949,Super Scale Inc.,2035559545,567 North Pendale Street,Not Provided,New Haven,CT,97823,USA,Unknown,Murphy,Leslie,Medium,5/4/2004
10258,32,100,6,7680.64,Shipped,2,6,2004,Classic Cars,214,S10_1949,"Tokyo Collectables, Ltd",+81 3 3584 0555,2-2-8 Roppongi,Not Provided,Minato-ku,Tokyo,106-0032,Japan,Japan,Shimamura,Akiko,Large,6/15/2004
10270,21,100,9,4905.39,Shipped,3,7,2004,Classic Cars,214,S10_1949,Souveniers And Things Co.,+61 2 9495 8555,"Monitor Money Building, 815 Pacific Hwy",Level 6,Chatswood,NSW,2067,Australia,APAC,Huxley,Adrian,Medium,7/19/2004
10280,34,100,2,8014.82,Shipped,3,8,2004,Classic Cars,214,S10_1949,Amica Models & Co.,011-4988555,Via Monte Bianco 34,Not Provided,Torino,CA,10100,Italy,EMEA,Accorti,Paolo,Large,8/17/2004
10291,37,100,11,7136.19,Shipped,3,9,2004,Classic Cars,214,S10_1949,Scandinavian Gift Ideas,0695-34 6555,?kergatan 24,Not Provided,Boras,CA,S-844 67,Sweden,EMEA,Larsson,Maria,Large,9/8/2004
10304,47,100,6,10172.7,Shipped,4,10,2004,Classic Cars,214,S10_1949,Auto Assoc. & Cie.,30.59.8555,"67, avenue de l'Europe",Not Provided,Versailles,CA,78000,France,EMEA,Tonini,Daniel,Large,10/11/2004
10312,48,100,3,11623.7,Shipped,4,10,2004,Classic Cars,214,S10_1949,Mini Gifts Distributors Ltd.,4155551450,5677 Strong St.,Not Provided,San Rafael,CA,97562,USA,Unknown,Nelson,Valarie,Large,10/21/2004
10322,40,100,1,6000.4,Shipped,4,11,2004,Classic Cars,214,S10_1949,Online Diecast Creations Co.,6035558647,2304 Long Airport Avenue,Not Provided,Nashua,NH,62005,USA,Unknown,Young,Valarie,Medium,11/4/2004
10333,26,100,3,3003,Shipped,4,11,2004,Classic Cars,214,S10_1949,Mini Wheels Co.,6505555787,5557 North Pendale Street,Not Provided,San Francisco,CA,,USA,Unknown,Murphy,Julie,Medium,11/18/2004
10347,30,100,1,3944.7,Shipped,4,11,2004,Classic Cars,214,S10_1949,"Australian Collectors, Co.",03 9520 4555,636 St Kilda Road,Level 3,Melbourne,Victoria,3004,Australia,APAC,Ferguson,Peter,Medium,11/29/2004
10357,32,100,10,5691.84,Shipped,4,12,2004,Classic Cars,214,S10_1949,Mini Gifts Distributors Ltd.,4155551450,5677 Strong St.,Not Provided,San Rafael,CA,97562,USA,Unknown,Nelson,Valarie,Medium,12/10/2004
10369,41,100,2,4514.92,Shipped,1,1,2005,Classic Cars,214,S10_1949,Collectables For Less Inc.,6175558555,7825 Douglas Av.,Not Provided,Brickhaven,MA,58339,USA,Unknown,Nelson,Allen,Medium,1/20/2005
10381,36,100,3,8254.8,Shipped,1,2,2005,Classic Cars,214,S10_1949,Corporate Gift Ideas Co.,6505551386,7734 Strong St.,Not Provided,San Francisco,CA,,USA,Unknown,Brown,Julie,Large,2/17/2005
10391,24,100,4,2416.56,Shipped,1,3,2005,Classic Cars,214,S10_1949,"Anna's Decorations, Ltd",02 9936 8555,201 Miller Street,Level 15,North Sydney,NSW,2060,Australia,APAC,O'Hara,Anna,Small,3/9/2005
10411,23,100,9,4140.23,Shipped,2,5,2005,Classic Cars,214,S10_1949,Quebec Home Shopping Network,(514) 555-8054,43 rue St. Laurent,Not Provided,Montreal,Quebec,H1J 1C3,Canada,Unknown,Fresnisre,Jean,Medium,5/1/2005
10424,50,100,6,12001,In Process,2,5,2005,Classic Cars,214,S10_1949,Euro Shopping Channel,(91) 555 94 44,"C/ Moralzarzal, 86",Not Provided,Madrid,CA,28034,Spain,EMEA,Freyre,Diego,Large,5/31/2005
10107,39,99.91,5,3896.49,Shipped,1,2,2003,Motorcycles,118,S10_2016,Land of Toys Inc.,2125557818,897 Long Airport Avenue,Not Provided,NYC,NY,10022,USA,Unknown,Yu,Kwai,Medium,2/24/2003
10120,29,96.34,3,2793.86,Shipped,2,4,2003,Motorcycles,118,S10_2016,"Australian Collectors, Co.",03 9520 4555,636 St Kilda Road,Level 3,Melbourne,Victoria,3004,Australia,APAC,Ferguson,Peter,Small,4/29/2003
10134,27,100,5,3307.77,Shipped,3,7,2003,Motorcycles,118,S10_2016,Lyon Souveniers,+33 1 46 62 7555,27 rue du Colonel Pierre Avia,Not Provided,Paris,CA,75508,France,EMEA,Da Cunha,Daniel,Medium,7/1/2003
10145,37,100,9,5192.95,Shipped,3,8,2003,Motorcycles,118,S10_2016,Toys4GrownUps.com,6265557265,78934 Hillside Dr.,Not Provided,Pasadena,CA,90003,USA,Unknown,Young,Julie,Medium,8/25/2003
10159,37,100,17,5016.83,Shipped,4,10,2003,Motorcycles,118,S10_2016,Corporate Gift Ideas Co.,6505551386,7734 Strong St.,Not Provided,San Francisco,CA,,USA,Unknown,Brown,Julie,Medium,10/10/2003
10168,27,100,4,3660.93,Shipped,4,10,2003,Motorcycles,118,S10_2016,Technics Stores Inc.,6505556809,9408 Furth Circle,Not Provided,Burlingame,CA,94217,USA,Unknown,Hirano,Juri,Medium,10/28/2003
10180,42,100,12,4695.6,Shipped,4,11,2003,Motorcycles,118,S10_2016,Daedalus Designs Imports,20.16.1555,"184, chausse de Tournai",Not Provided,Lille,CA,59000,France,EMEA,Rance,Martine,Medium,11/11/2003
10188,38,96.34,4,3660.92,Shipped,4,11,2003,Motorcycles,118,S10_2016,Herkku Gifts,+47 2267 3215,"Drammen 121, PR 744 Sentrum",Not Provided,Bergen,CA,N 5804,Norway,EMEA,Oeztan,Veysel,Medium,11/18/2003
10201,24,100,5,3025.92,Shipped,4,12,2003,Motorcycles,118,S10_2016,Mini Wheels Co.,6505555787,5557 North Pendale Street,Not Provided,San Francisco,CA,,USA,Unknown,Murphy,Julie,Medium,12/1/2003
10210,23,100,2,3009.09,Shipped,1,1,2004,Motorcycles,118,S10_2016,Osaka Souveniers Co.,+81 06 6342 5555,"Dojima Avanza 4F, 1-6-20 Dojima, Kita-ku",Not Provided,Osaka,Osaka,530-0003,Japan,Japan,Kentary,Mory,Medium,1/12/2004
10223,47,100,4,5422.39,Shipped,1,2,2004,Motorcycles,118,S10_2016,"Australian Collectors, Co.",03 9520 4555,636 St Kilda Road,Level 3,Melbourne,Victoria,3004,Australia,APAC,Ferguson,Peter,Medium,2/20/2004
10236,22,100,1,2852.08,Shipped,2,4,2004,Motorcycles,118,S10_2016,Motor Mint Distributors Inc.,2155559857,11328 Douglas Av.,Not Provided,Philadelphia,PA,71270,USA,Unknown,Hernandez,Rosa,Small,4/3/2004
10251,44,100,5,5756.52,Shipped,2,5,2004,Motorcycles,118,S10_2016,Tekni Collectables Inc.,2015559350,7476 Moss Rd.,Not Provided,Newark,NJ,94019,USA,Unknown,Brown,William,Medium,5/18/2004
10263,40,100,5,4472,Shipped,2,6,2004,Motorcycles,118,S10_2016,Gift Depot Inc.,2035552570,25593 South Bay Ln.,Not Provided,Bridgewater,CT,97562,USA,Unknown,King,Julie,Medium,6/28/2004
10275,22,100,4,2904.44,Shipped,3,7,2004,Motorcycles,118,S10_2016,La Rochelle Gifts,40.67.8555,"67, rue des Cinquante Otages",Not Provided,Nantes,CA,44000,France,EMEA,Labrune,Janine,Small,7/23/2004
10285,47,100,9,6484.59,Shipped,3,8,2004,Motorcycles,118,S10_2016,Marta's Replicas Co.,6175558555,39323 Spinnaker Dr.,Not Provided,Cambridge,MA,51247,USA,Unknown,Hernandez,Marta,Medium,8/27/2004
10298,39,96.34,1,3757.26,Shipped,3,9,2004,Motorcycles,118,S10_2016,Atelier graphique,40.32.2555,"54, rue Royale",Not Provided,Nantes,CA,44000,France,EMEA,Schmitt,Carine,Medium,9/27/2004
10308,34,100,2,4043.96,Shipped,4,10,2004,Motorcycles,118,S10_2016,Mini Classics,9145554562,3758 North Pendale Street,Not Provided,White Plains,NY,24067,USA,Unknown,Frick,Steve,Medium,10/15/2004
10318,45,100,4,5566.5,Shipped,4,11,2004,Motorcycles,118,S10_2016,Diecast Classics Inc.,2155551555,7586 Pompton St.,Not Provided,Allentown,PA,70267,USA,Unknown,Yu,Kyung,Medium,11/2/2004
10329,20,100,2,3176,Shipped,4,11,2004,Motorcycles,118,S10_2016,Land of Toys Inc.,2125557818,897 Long Airport Avenue,Not Provided,NYC,NY,10022,USA,Unknown,Yu,Kwai,Medium,11/15/2004
10339,40,68.92,4,2756.8,Shipped,4,11,2004,Motorcycles,118,S10_2016,"Tokyo Collectables, Ltd",+81 3 3584 0555,2-2-8 Roppongi,Not Provided,Minato-ku,Tokyo,106-0032,Japan,Japan,Shimamura,Akiko,Small,11/23/2004
10361,26,51.15,8,1329.9,Shipped,4,12,2004,Motorcycles,118,S10_2016,Souveniers And Things Co.,+61 2 9495 8555,"Monitor Money Building, 815 Pacific Hwy",Level 6,Chatswood,NSW,2067,Australia,APAC,Huxley,Adrian,Small,12/17/2004
10374,39,100,5,5288.01,Shipped,1,2,2005,Motorcycles,118,S10_2016,"Australian Gift Network, Co",61-7-3844-6555,31 Duncan St. West End,Not Provided,South Brisbane,Queensland,4101,Australia,APAC,Calaghan,Tony,Medium,2/2/2005
10388,50,44.51,5,2225.5,Shipped,1,3,2005,Motorcycles,118,S10_2016,FunGiftIdeas.com,5085552555,1785 First Street,Not Provided,New Bedford,MA,50553,USA,Unknown,Benitez,Violeta,Small,3/3/2005
10402,45,100,1,5833.8,Shipped,2,4,2005,Motorcycles,118,S10_2016,Auto Canal Petit,(1) 47.55.6555,"25, rue Lauriston",Not Provided,Paris,CA,75016,France,EMEA,Perrier,Dominique,Medium,4/7/2005
10417,45,100,5,5887.35,Disputed,2,5,2005,Motorcycles,118,S10_2016,Euro Shopping Channel,(91) 555 94 44,"C/ Moralzarzal, 86",Not Provided,Madrid,CA,28034,Spain,EMEA,Freyre,Diego,Medium,5/13/2005
10107,27,100,4,6065.55,Shipped,1,2,2003,Motorcycles,193,S10_4698,Land of Toys Inc.,2125557818,897 Long Airport Avenue,Not Provided,NYC,NY,10022,USA,Unknown,Yu,Kwai,Medium,2/24/2003
10120,46,100,2,9264.86,Shipped,2,4,2003,Motorcycles,193,S10_4698,"Australian Collectors, Co.",03 9520 4555,636 St Kilda Road,Level 3,Melbourne,Victoria,3004,Australia,APAC,Ferguson,Peter,Large,4/29/2003
10134,31,100,4,7023.98,Shipped,3,7,2003,Motorcycles,193,S10_4698,Lyon Souveniers,+33 1 46 62 7555,27 rue du Colonel Pierre Avia,Not Provided,Paris,CA,75508,France,EMEA,Da Cunha,Daniel,Large,7/1/2003
10145,33,100,8,5176.38,Shipped,3,8,2003,Motorcycles,193,S10_4698,Toys4GrownUps.com,6265557265,78934 Hillside Dr.,Not Provided,Pasadena,CA,90003,USA,Unknown,Young,Julie,Medium,8/25/2003
10159,22,100,16,4132.7,Shipped,4,10,2003,Motorcycles,193,S10_4698,Corporate Gift Ideas Co.,6505551386,7734 Strong St.,Not Provided,San Francisco,CA,,USA,Unknown,Brown,Julie,Medium,10/10/2003
10168,20,100,3,4183,Shipped,4,10,2003,Motorcycles,193,S10_4698,Technics Stores Inc.,6505556809,9408 Furth Circle,Not Provided,Burlingame,CA,94217,USA,Unknown,Hirano,Juri,Medium,10/28/2003
10180,41,100,11,8892.9,Shipped,4,11,2003,Motorcycles,193,S10_4698,Daedalus Designs Imports,20.16.1555,"184, chausse de Tournai",Not Provided,Lille,CA,59000,France,EMEA,Rance,Martine,Large,11/11/2003
10188,45,100,3,8714.7,Shipped,4,11,2003,Motorcycles,193,S10_4698,Herkku Gifts,+47 2267 3215,"Drammen 121, PR 744 Sentrum",Not Provided,Bergen,CA,N 5804,Norway,EMEA,Oeztan,Veysel,Large,11/18/2003
10201,49,100,4,8065.89,Shipped,4,12,2003,Motorcycles,193,S10_4698,Mini Wheels Co.,6505555787,5557 North Pendale Street,Not Provided,San Francisco,CA,,USA,Unknown,Murphy,Julie,Large,12/1/2003
10210,34,100,1,6123.4,Shipped,1,1,2004,Motorcycles,193,S10_4698,Osaka Souveniers Co.,+81 06 6342 5555,"Dojima Avanza 4F, 1-6-20 Dojima, Kita-ku",Not Provided,Osaka,Osaka,530-0003,Japan,Japan,Kentary,Mory,Medium,1/12/2004
10223,49,100,3,9774.03,Shipped,1,2,2004,Motorcycles,193,S10_4698,"Australian Collectors, Co.",03 9520 4555,636 St Kilda Road,Level 3,Melbourne,Victoria,3004,Australia,APAC,Ferguson,Peter,Large,2/20/2004
10237,39,100,9,7023.9,Shipped,2,4,2004,Motorcycles,193,S10_4698,Vitachrome Inc.,2125551500,2678 Kingston Rd.,Suite 101,NYC,NY,10022,USA,Unknown,Frick,Michael,Large,4/5/2004
10251,43,100,4,7078.23,Shipped,2,5,2004,Motorcycles,193,S10_4698,Tekni Collectables Inc.,2015559350,7476 Moss Rd.,Not Provided,Newark,NJ,94019,USA,Unknown,Brown,William,Large,5/18/2004
10263,41,100,4,8336.94,Shipped,2,6,2004,Motorcycles,193,S10_4698,Gift Depot Inc.,2035552570,25593 South Bay Ln.,Not Provided,Bridgewater,CT,97562,USA,Unknown,King,Julie,Large,6/28/2004
10275,36,100,3,6901.92,Shipped,3,7,2004,Motorcycles,193,S10_4698,La Rochelle Gifts,40.67.8555,"67, rue des Cinquante Otages",Not Provided,Nantes,CA,44000,France,EMEA,Labrune,Janine,Medium,7/23/2004
10285,27,100,8,5438.07,Shipped,3,8,2004,Motorcycles,193,S10_4698,Marta's Replicas Co.,6175558555,39323 Spinnaker Dr.,Not Provided,Cambridge,MA,51247,USA,Unknown,Hernandez,Marta,Medium,8/27/2004
10299,29,100,11,6683.34,Shipped,3,9,2004,Motorcycles,193,S10_4698,"Toys of Finland, Co.",90-224 8555,Keskuskatu 45,Not Provided,Helsinki,CA,21240,Finland,EMEA,Karttunen,Matti,Medium,9/30/2004
10308,20,100,1,4570.4,Shipped,4,10,2004,Motorcycles,193,S10_4698,Mini Classics,9145554562,3758 North Pendale Street,Not Provided,White Plains,NY,24067,USA,Unknown,Frick,Steve,Medium,10/15/2004
10318,37,100,3,7667.14,Shipped,4,11,2004,Motorcycles,193,S10_4698,Diecast Classics Inc.,2155551555,7586 Pompton St.,Not Provided,Allentown,PA,70267,USA,Unknown,Yu,Kyung,Large,11/2/2004
10329,26,100,3,5868.2,Shipped,4,11,2004,Motorcycles,193,S10_4698,Land of Toys Inc.,2125557818,897 Long Airport Avenue,Not Provided,NYC,NY,10022,USA,Unknown,Yu,Kwai,Medium,11/15/2004
10339,39,76.67,3,2990.13,Shipped,4,11,2004,Motorcycles,193,S10_4698,"Tokyo Collectables, Ltd",+81 3 3584 0555,2-2-8 Roppongi,Not Provided,Minato-ku,Tokyo,106-0032,Japan,Japan,Shimamura,Akiko,Small,11/23/2004
10362,22,100,4,3664.1,Shipped,1,1,2005,Motorcycles,193,S10_4698,Technics Stores Inc.,6505556809,9408 Furth Circle,Not Provided,Burlingame,CA,94217,USA,Unknown,Hirano,Juri,Medium,1/5/2005
10374,22,100,1,3834.38,Shipped,1,2,2005,Motorcycles,193,S10_4698,"Australian Gift Network, Co",61-7-3844-6555,31 Duncan St. West End,Not Provided,South Brisbane,Queensland,4101,Australia,APAC,Calaghan,Tony,Medium,2/2/2005
10388,21,86.77,7,1822.17,Shipped,1,3,2005,Motorcycles,193,S10_4698,FunGiftIdeas.com,5085552555,1785 First Street,Not Provided,New Bedford,MA,50553,USA,Unknown,Benitez,Violeta,Small,3/3/2005
10403,66,100,9,11886.6,Shipped,2,4,2005,Motorcycles,193,S10_4698,"UK Collectables, Ltd.",(171) 555-2282,Berkeley Gardens 12  Brewery,Not Provided,Liverpool,CA,WX1 6LT,UK,EMEA,Devon,Elizabeth,Large,4/8/2005
10417,56,100,4,9218.16,Disputed,2,5,2005,Motorcycles,193,S10_4698,Euro Shopping Channel,(91) 555 94 44,"C/ Moralzarzal, 86",Not Provided,Madrid,CA,28034,Spain,EMEA,Freyre,Diego,Large,5/13/2005
10105,50,100,2,7208,Shipped,1,2,2003,Classic Cars,136,S10_4757,Danish Wholesale Imports,31 12 3555,Vinb'ltet 34,Not Provided,Kobenhavn,CA,1734,Denmark,EMEA,Petersen,Jytte,Large,2/11/2003
10119,46,100,11,5004.8,Shipped,2,4,2003,Classic Cars,136,S10_4757,Salzburg Collectables,6562-9555,Geislweg 14,Not Provided,Salzburg,CA,5020,Austria,EMEA,Pipps,Georg,Medium,4/28/2003
10129,33,100,2,4398.24,Shipped,2,6,2003,Classic Cars,136,S10_4757,"Stylish Desk Decors, Co.",(171) 555-0297,35 King George,Not Provided,London,CA,WX3 6FW,UK,EMEA,Brown,Ann,Medium,6/12/2003
10143,49,100,15,5597.76,Shipped,3,8,2003,Classic Cars,136,S10_4757,Mini Creations Ltd.,5085559555,4575 Hillside Dr.,Not Provided,New Bedford,MA,50553,USA,Unknown,Tam,Wing C,Medium,8/10/2003
10155,32,100,13,4526.08,Shipped,4,10,2003,Classic Cars,136,S10_4757,"Toys of Finland, Co.",90-224 8555,Keskuskatu 45,Not Provided,Helsinki,CA,21240,Finland,EMEA,Karttunen,Matti,Medium,10/6/2003
10167,44,100,9,5924.16,Cancelled,4,10,2003,Classic Cars,136,S10_4757,Scandinavian Gift Ideas,0695-34 6555,?kergatan 24,Not Provided,Boras,CA,S-844 67,Sweden,EMEA,Larsson,Maria,Medium,10/23/2003
10178,24,100,12,3492.48,Shipped,4,11,2003,Classic Cars,136,S10_4757,Alpha Cognac,61.77.6555,1 rue Alsace-Lorraine,Not Provided,Toulouse,CA,31000,France,EMEA,Roulet,Annette,Medium,11/8/2003
10186,26,100,9,3854.24,Shipped,4,11,2003,Classic Cars,136,S10_4757,"Double Decker Gift Stores, Ltd",(171) 555-7555,120 Hanover Sq.,Not Provided,London,CA,WA1 1DP,UK,EMEA,Hardy,Thomas,Medium,11/14/2003
10197,45,100,6,5324.4,Shipped,4,11,2003,Classic Cars,136,S10_4757,Enaco Distributors,(93) 203 4555,"Rambla de Catalu¤a, 23",Not Provided,Barcelona,CA,8022,Spain,EMEA,Saavedra,Eduardo,Medium,11/26/2003
10209,39,100,8,5197.92,Shipped,1,1,2004,Classic Cars,136,S10_4757,"Men 'R' US Retailers, Ltd.",2155554369,6047 Douglas Av.,Not Provided,Los Angeles,CA,,USA,Unknown,Chandler,Michael,Medium,1/9/2004
10222,49,100,12,5997.6,Shipped,1,2,2004,Classic Cars,136,S10_4757,Collectable Mini Designs Co.,7605558146,361 Furth Circle,Not Provided,San Diego,CA,91217,USA,Unknown,Thompson,Valarie,Medium,2/19/2004
10248,20,100,3,2910.4,Cancelled,2,5,2004,Classic Cars,136,S10_4757,Land of Toys Inc.,2125557818,897 Long Airport Avenue,Not Provided,NYC,NY,10022,USA,Unknown,Yu,Kwai,Small,5/7/2004
10261,27,100,1,3378.24,Shipped,2,6,2004,Classic Cars,136,S10_4757,Quebec Home Shopping Network,(514) 555-8054,43 rue St. Laurent,Not Provided,Montreal,Quebec,H1J 1C3,Canada,Unknown,Fresnisre,Jean,Medium,6/17/2004
10273,30,100,4,3508.8,Shipped,3,7,2004,Classic Cars,136,S10_4757,Petit Auto,(02) 5554 67,Rue Joseph-Bens 532,Not Provided,Bruxelles,CA,B-1180,Belgium,EMEA,Dewey,Catherine,Medium,7/21/2004
10283,25,100,6,2992,Shipped,3,8,2004,Classic Cars,136,S10_4757,"Royal Canadian Collectables, Ltd.",(604) 555-4555,23 Tsawassen Blvd.,Not Provided,Tsawassen,BC,T2F 8M4,Canada,Unknown,Lincoln,Elizabeth,Small,8/20/2004
10295,24,100,1,3427.2,Shipped,3,9,2004,Classic Cars,136,S10_4757,Gifts4AllAges.com,6175559555,8616 Spinnaker Dr.,Not Provided,Boston,MA,51003,USA,Unknown,Yoshido,Juri,Medium,9/10/2004
10307,22,100,9,2692.8,Shipped,4,10,2004,Classic Cars,136,S10_4757,"Classic Gift Ideas, Inc",2155554695,782 First Street,Not Provided,Philadelphia,PA,71270,USA,Unknown,Cervantes,Francisca,Small,10/14/2004
10316,33,100,17,4128.96,Shipped,4,11,2004,Classic Cars,136,S10_4757,giftsbymail.co.uk,(198) 555-8888,Garden House Crowther Way,Not Provided,Cowes,Isle of Wight,PO31 7PJ,UK,EMEA,Bennett,Helen,Medium,11/1/2004
10325,47,64.93,6,3051.71,Shipped,4,11,2004,Classic Cars,136,S10_4757,Baane Mini Imports,07-98 9555,Erling Skakkes gate 78,Not Provided,Stavern,CA,4110,Norway,EMEA,Bergulfsen,Jonas,Medium,11/5/2004
10337,25,48.05,8,1201.25,Shipped,4,11,2004,Classic Cars,136,S10_4757,Classic Legends Inc.,2125558493,5905 Pompton St.,Suite 750,NYC,NY,10022,USA,Unknown,Hernandez,Maria,Small,11/21/2004
10350,26,75.47,5,1962.22,Shipped,4,12,2004,Classic Cars,136,S10_4757,Euro Shopping Channel,(91) 555 94 44,"C/ Moralzarzal, 86",Not Provided,Madrid,CA,28034,Spain,EMEA,Freyre,Diego,Small,12/2/2004
10359,48,54.68,6,2624.64,Shipped,4,12,2004,Classic Cars,136,S10_4757,Reims Collectables,26.47.1555,59 rue de l'Abbaye,Not Provided,Reims,CA,51100,France,EMEA,Henriot,Paul,Small,12/15/2004
10373,39,100,3,4046.25,Shipped,1,1,2005,Classic Cars,136,S10_4757,"Oulu Toy Supplies, Inc.",981-443655,Torikatu 38,Not Provided,Oulu,CA,90110,Finland,EMEA,Koskitalo,Pirkko,Medium,1/31/2005
10384,34,100,4,4846.7,Shipped,1,2,2005,Classic Cars,136,S10_4757,Corporate Gift Ideas Co.,6505551386,7734 Strong St.,Not Provided,San Francisco,CA,,USA,Unknown,Brown,Julie,Medium,2/23/2005
10395,32,100,2,3370.56,Shipped,1,3,2005,Classic Cars,136,S10_4757,Lyon Souveniers,+33 1 46 62 7555,27 rue du Colonel Pierre Avia,Not Provided,Paris,CA,75508,France,EMEA,Da Cunha,Daniel,Medium,3/17/2005
10400,64,100,9,9661.44,Shipped,2,4,2005,Classic Cars,136,S10_4757,The Sharp Gifts Warehouse,4085553659,3086 Ingle Ln.,Not Provided,San Jose,CA,94217,USA,Unknown,Frick,Sue,Large,4/1/2005
10414,19,100,3,2764.88,On Hold,2,5,2005,Classic Cars,136,S10_4757,Gifts4AllAges.com,6175559555,8616 Spinnaker Dr.,Not Provided,Boston,MA,51003,USA,Unknown,Yoshido,Juri,Small,5/6/2005
10103,42,100,4,5398.26,Shipped,1,1,2003,Classic Cars,147,S10_4962,Baane Mini Imports,07-98 9555,Erling Skakkes gate 78,Not Provided,Stavern,CA,4110,Norway,EMEA,Bergulfsen,Jonas,Medium,1/29/2003
10114,31,100,8,4305.28,Shipped,2,4,2003,Classic Cars,147,S10_4962,"La Corne D'abondance, Co.",(1) 42.34.2555,"265, boulevard Charonne",Not Provided,Paris,CA,75012,France,EMEA,Bertrand,Marie,Medium,4/1/2003
10126,22,100,4,3347.74,Shipped,2,5,2003,Classic Cars,147,S10_4962,"Corrida Auto Replicas, Ltd",(91) 555 22 82,"C/ Araquil, 67",Not Provided,Madrid,CA,28023,Spain,EMEA,Sommer,Mart¡n,Medium,5/28/2003
10140,26,100,4,3188.12,Shipped,3,7,2003,Classic Cars,147,S10_4962,Technics Stores Inc.,6505556809,9408 Furth Circle,Not Provided,Burlingame,CA,94217,USA,Unknown,Hirano,Juri,Medium,7/24/2003
10150,20,100,1,3191.2,Shipped,3,9,2003,Classic Cars,147,S10_4962,"Dragon Souveniers, Ltd.",+65 221 7555,"Bronz Sok., Bronz Apt. 3/6 Tesvikiye",Not Provided,Singapore,CA,79903,Singapore,Japan,Natividad,Eric,Medium,9/19/2003
10164,21,100,2,3536.82,Resolved,4,10,2003,Classic Cars,147,S10_4962,Mini Auto Werke,7675-3555,Kirchgasse 6,Not Provided,Graz,CA,8010,Austria,EMEA,Mendel,Roland,Medium,10/21/2003
10175,33,100,9,5362.83,Shipped,4,11,2003,Classic Cars,147,S10_4962,"Stylish Desk Decors, Co.",(171) 555-0297,35 King George,Not Provided,London,CA,WX3 6FW,UK,EMEA,Brown,Ann,Medium,11/6/2003
10183,28,100,1,3433.36,Shipped,4,11,2003,Classic Cars,147,S10_4962,"Classic Gift Ideas, Inc",2155554695,782 First Street,Not Provided,Philadelphia,PA,71270,USA,Unknown,Cervantes,Francisca,Medium,11/13/2003
10194,26,100,4,4263.74,Shipped,4,11,2003,Classic Cars,147,S10_4962,"Saveley & Henriot, Co.",78.32.5555,"2, rue du Commerce",Not Provided,Lyon,CA,69004,France,EMEA,Saveley,Mary,Medium,11/25/2003
10207,31,100,15,4076.19,Shipped,4,12,2003,Classic Cars,147,S10_4962,Diecast Collectables,6175552555,6251 Ingle Ln.,Not Provided,Boston,MA,51003,USA,Unknown,Franco,Valarie,Medium,12/9/2003
10217,48,100,4,7020.48,Shipped,1,2,2004,Classic Cars,147,S10_4962,Handji Gifts& Co,+65 224 1555,Village Close - 106 Linden Road Sandown,2nd Floor,Singapore,CA,69045,Singapore,APAC,Victorino,Wendy,Large,2/4/2004
10229,50,100,9,6426.5,Shipped,1,3,2004,Classic Cars,147,S10_4962,Mini Gifts Distributors Ltd.,4155551450,5677 Strong St.,Not Provided,San Rafael,CA,97562,USA,Unknown,Nelson,Valarie,Medium,3/11/2004
10245,28,100,2,4591.72,Shipped,2,5,2004,Classic Cars,147,S10_4962,Super Scale Inc.,2035559545,567 North Pendale Street,Not Provided,New Haven,CT,97823,USA,Unknown,Murphy,Leslie,Medium,5/4/2004
10259,26,100,12,4033.38,Shipped,2,6,2004,Classic Cars,147,S10_4962,Handji Gifts& Co,+65 224 1555,Village Close - 106 Linden Road Sandown,2nd Floor,Singapore,CA,69045,Singapore,APAC,Victorino,Wendy,Medium,6/15/2004
10270,32,100,2,4302.08,Shipped,3,7,2004,Classic Cars,147,S10_4962,Souveniers And Things Co.,+61 2 9495 8555,"Monitor Money Building, 815 Pacific Hwy",Level 6,Chatswood,NSW,2067,Australia,APAC,Huxley,Adrian,Medium,7/19/2004
10281,44,100,9,7020.64,Shipped,3,8,2004,Classic Cars,147,S10_4962,Diecast Classics Inc.,2155551555,7586 Pompton St.,Not Provided,Allentown,PA,70267,USA,Unknown,Yu,Kyung,Large,8/19/2004
10291,30,100,4,3855.9,Shipped,3,9,2004,Classic Cars,147,S10_4962,Scandinavian Gift Ideas,0695-34 6555,?kergatan 24,Not Provided,Boras,CA,S-844 67,Sweden,EMEA,Larsson,Maria,Medium,9/8/2004
10305,38,100,13,6680.78,Shipped,4,10,2004,Classic Cars,147,S10_4962,Marta's Replicas Co.,6175558555,39323 Spinnaker Dr.,Not Provided,Cambridge,MA,51247,USA,Unknown,Hernandez,Marta,Medium,10/13/2004
10313,40,100,7,6678,Shipped,4,10,2004,Classic Cars,147,S10_4962,Canadian Gift Exchange Network,(604) 555-3392,1900 Oak St.,Not Provided,Vancouver,BC,V3F 2K1,Canada,Unknown,Tannamuri,Yoshi,Medium,10/22/2004
10322,46,61.99,8,2851.54,Shipped,4,11,2004,Classic Cars,147,S10_4962,Online Diecast Creations Co.,6035558647,2304 Long Airport Avenue,Not Provided,Nashua,NH,62005,USA,Unknown,Young,Valarie,Small,11/4/2004
10334,26,100,2,3188.12,On Hold,4,11,2004,Classic Cars,147,S10_4962,"Volvo Model Replicas, Co",0921-12 3555,Berguvsvgen  8,Not Provided,Lule,CA,S-958 22,Sweden,EMEA,Berglund,Christina,Medium,11/19/2004
10347,27,100,2,4428,Shipped,4,11,2004,Classic Cars,147,S10_4962,"Australian Collectors, Co.",03 9520 4555,636 St Kilda Road,Level 3,Melbourne,Victoria,3004,Australia,APAC,Ferguson,Peter,Medium,11/29/2004
10357,43,100,9,5780.92,Shipped,4,12,2004,Classic Cars,147,S10_4962,Mini Gifts Distributors Ltd.,4155551450,5677 Strong St.,Not Provided,San Rafael,CA,97562,USA,Unknown,Nelson,Valarie,Medium,12/10/2004
10370,35,65.63,4,2297.05,Shipped,1,1,2005,Classic Cars,147,S10_4962,"Anna's Decorations, Ltd",02 9936 8555,201 Miller Street,Level 15,North Sydney,NSW,2060,Australia,APAC,O'Hara,Anna,Small,1/20/2005
10381,37,100,6,6231.54,Shipped,1,2,2005,Classic Cars,147,S10_4962,Corporate Gift Ideas Co.,6505551386,7734 Strong St.,Not Provided,San Francisco,CA,,USA,Unknown,Brown,Julie,Medium,2/17/2005
10391,37,46.9,7,1735.3,Shipped,1,3,2005,Classic Cars,147,S10_4962,"Anna's Decorations, Ltd",02 9936 8555,201 Miller Street,Level 15,North Sydney,NSW,2060,Australia,APAC,O'Hara,Anna,Small,3/9/2005
10411,27,100,2,4427.73,Shipped,2,5,2005,Classic Cars,147,S10_4962,Quebec Home Shopping Network,(514) 555-8054,43 rue St. Laurent,Not Provided,Montreal,Quebec,H1J 1C3,Canada,Unknown,Fresnisre,Jean,Medium,5/1/2005
10425,38,100,12,5894.94,In Process,2,5,2005,Classic Cars,147,S10_4962,La Rochelle Gifts,40.67.8555,"67, rue des Cinquante Otages",Not Provided,Nantes,CA,44000,France,EMEA,Labrune,Janine,Medium,5/31/2005
10108,33,100,6,5265.15,Shipped,1,3,2003,Classic Cars,194,S12_1099,Cruz & Sons Co.,+63 2 555 3587,15 McCallum Street - NatWest Center #13-03,Not Provided,Makati City,CA,1227 MM,Philippines,Japan,Cruz,Arnold,Medium,3/3/2003
10122,42,100,10,7599.9,Shipped,2,5,2003,Classic Cars,194,S12_1099,Marseille Mini Autos,91.24.4555,"12, rue des Bouchers",Not Provided,Marseille,CA,13008,France,EMEA,Lebihan,Laurence,Large,5/8/2003
10135,42,100,7,8008.56,Shipped,3,7,2003,Classic Cars,194,S12_1099,Mini Gifts Distributors Ltd.,4155551450,5677 Strong St.,Not Provided,San Rafael,CA,97562,USA,Unknown,Nelson,Valarie,Large,7/2/2003
10147,48,100,7,9245.76,Shipped,3,9,2003,Classic Cars,194,S12_1099,Collectables For Less Inc.,6175558555,7825 Douglas Av.,Not Provided,Brickhaven,MA,58339,USA,Unknown,Nelson,Allen,Large,9/5/2003
10159,41,100,2,8296.35,Shipped,4,10,2003,Classic Cars,194,S12_1099,Corporate Gift Ideas Co.,6505551386,7734 Strong St.,Not Provided,San Francisco,CA,,USA,Unknown,Brown,Julie,Large,10/10/2003
10169,30,100,2,5019.9,Shipped,4,11,2003,Classic Cars,194,S12_1099,"Anna's Decorations, Ltd",02 9936 8555,201 Miller Street,Level 15,North Sydney,NSW,2060,Australia,APAC,O'Hara,Anna,Medium,11/4/2003
10181,27,100,14,5411.07,Shipped,4,11,2003,Classic Cars,194,S12_1099,Herkku Gifts,+47 2267 3215,"Drammen 121, PR 744 Sentrum",Not Provided,Bergen,CA,N 5804,Norway,EMEA,Oeztan,Veysel,Medium,11/12/2003
10191,21,100,3,3840.9,Shipped,4,11,2003,Classic Cars,194,S12_1099,"Toms Spezialitten, Ltd",0221-5554327,Mehrheimerstr. 369,Not Provided,Koln,CA,50739,Germany,EMEA,Pfalzheim,Henriette,Medium,11/20/2003
10203,20,100,8,3930.4,Shipped,4,12,2003,Classic Cars,194,S12_1099,Euro Shopping Channel,(91) 555 94 44,"C/ Moralzarzal, 86",Not Provided,Madrid,CA,28034,Spain,EMEA,Freyre,Diego,Medium,12/2/2003
10211,41,100,2,7498.9,Shipped,1,1,2004,Classic Cars,194,S12_1099,Auto Canal Petit,(1) 47.55.6555,"25, rue Lauriston",Not Provided,Paris,CA,75016,France,EMEA,Perrier,Dominique,Large,1/15/2004
10225,27,100,9,4517.91,Shipped,1,2,2004,Classic Cars,194,S12_1099,"Vida Sport, Ltd",0897-034555,Grenzacherweg 237,Not Provided,Gensve,CA,1203,Switzerland,EMEA,Holz,Michael,Medium,2/22/2004
10238,28,100,3,5774.72,Shipped,2,4,2004,Classic Cars,194,S12_1099,Danish Wholesale Imports,31 12 3555,Vinb'ltet 34,Not Provided,Kobenhavn,CA,1734,Denmark,EMEA,Petersen,Jytte,Medium,4/9/2004
10253,24,100,13,3922.56,Cancelled,2,6,2004,Classic Cars,194,S12_1099,"UK Collectables, Ltd.",(171) 555-2282,Berkeley Gardens 12  Brewery,Not Provided,Liverpool,CA,WX1 6LT,UK,EMEA,Devon,Elizabeth,Medium,6/1/2004
10266,44,100,14,9160.36,Shipped,3,7,2004,Classic Cars,194,S12_1099,L'ordine Souveniers,0522-556555,Strada Provinciale 124,Not Provided,Reggio Emilia,CA,42100,Italy,EMEA,Moroni,Maurizio,Large,7/6/2004
10276,50,100,3,9631,Shipped,3,8,2004,Classic Cars,194,S12_1099,Online Mini Collectables,6175557555,7635 Spinnaker Dr.,Not Provided,Brickhaven,MA,58339,USA,Unknown,Barajas,Miguel,Large,8/2/2004
10287,21,100,12,3432.24,Shipped,3,8,2004,Classic Cars,194,S12_1099,"Vida Sport, Ltd",0897-034555,Grenzacherweg 237,Not Provided,Gensve,CA,1203,Switzerland,EMEA,Holz,Michael,Medium,8/30/2004
10300,33,100,5,5521.89,Shipped,4,10,2003,Classic Cars,194,S12_1099,"Blauer See Auto, Co.",+49 69 66 90 2555,Lyonerstr. 34,Not Provided,Frankfurt,CA,60528,Germany,EMEA,Keitel,Roland,Medium,10/4/2003
10310,33,100,10,6934.62,Shipped,4,10,2004,Classic Cars,194,S12_1099,"Toms Spezialitten, Ltd",0221-5554327,Mehrheimerstr. 369,Not Provided,Koln,CA,50739,Germany,EMEA,Pfalzheim,Henriette,Medium,10/16/2004
10320,31,100,3,6876.11,Shipped,4,11,2004,Classic Cars,194,S12_1099,"Volvo Model Replicas, Co",0921-12 3555,Berguvsvgen  8,Not Provided,Lule,CA,S-958 22,Sweden,EMEA,Berglund,Christina,Medium,11/3/2004
10329,41,71.47,5,2930.27,Shipped,4,11,2004,Classic Cars,194,S12_1099,Land of Toys Inc.,2125557818,897 Long Airport Avenue,Not Provided,NYC,NY,10022,USA,Unknown,Yu,Kwai,Small,11/15/2004
10341,45,79.65,2,3584.25,Shipped,4,11,2004,Classic Cars,194,S12_1099,Salzburg Collectables,6562-9555,Geislweg 14,Not Provided,Salzburg,CA,5020,Austria,EMEA,Pipps,Georg,Medium,11/24/2004
10363,33,85.39,3,2817.87,Shipped,1,1,2005,Classic Cars,194,S12_1099,Suominen Souveniers,+358 9 8045 555,"Software Engineering Center, SEC Oy",Not Provided,Espoo,CA,FIN-02271,Finland,EMEA,Suominen,Kalle,Small,1/6/2005
10375,45,76,7,3420,Shipped,1,2,2005,Classic Cars,194,S12_1099,La Rochelle Gifts,40.67.8555,"67, rue des Cinquante Otages",Not Provided,Nantes,CA,44000,France,EMEA,Labrune,Janine,Medium,2/3/2005
10389,26,99.04,4,2575.04,Shipped,1,3,2005,Classic Cars,194,S12_1099,Scandinavian Gift Ideas,0695-34 6555,?kergatan 24,Not Provided,Boras,CA,S-844 67,Sweden,EMEA,Larsson,Maria,Small,3/3/2005
10419,12,100,13,1961.28,Shipped,2,5,2005,Classic Cars,194,S12_1099,Salzburg Collectables,6562-9555,Geislweg 14,Not Provided,Salzburg,CA,5020,Austria,EMEA,Pipps,Georg,Small,5/17/2005
10105,41,100,15,8690.36,Shipped,1,2,2003,Classic Cars,207,S12_1108,Danish Wholesale Imports,31 12 3555,Vinb'ltet 34,Not Provided,Kobenhavn,CA,1734,Denmark,EMEA,Petersen,Jytte,Large,2/11/2003
10117,33,100,9,6034.38,Shipped,2,4,2003,Classic Cars,207,S12_1108,"Dragon Souveniers, Ltd.",+65 221 7555,"Bronz Sok., Bronz Apt. 3/6 Tesvikiye",Not Provided,Singapore,CA,79903,Singapore,Japan,Natividad,Eric,Medium,4/16/2003
10127,46,100,2,11279.2,Shipped,2,6,2003,Classic Cars,207,S12_1108,Muscle Machine Inc,2125557413,4092 Furth Circle,Suite 400,NYC,NY,10022,USA,Unknown,Young,Jeff,Large,6/3/2003
10142,33,100,12,8023.29,Shipped,3,8,2003,Classic Cars,207,S12_1108,Mini Gifts Distributors Ltd.,4155551450,5677 Strong St.,Not Provided,San Rafael,CA,97562,USA,Unknown,Nelson,Valarie,Large,8/8/2003
10153,20,100,11,4904,Shipped,3,9,2003,Classic Cars,207,S12_1108,Euro Shopping Channel,(91) 555 94 44,"C/ Moralzarzal, 86",Not Provided,Madrid,CA,28034,Spain,EMEA,Freyre,Diego,Medium,9/28/2003
10165,44,100,3,8594.52,Shipped,4,10,2003,Classic Cars,207,S12_1108,"Dragon Souveniers, Ltd.",+65 221 7555,"Bronz Sok., Bronz Apt. 3/6 Tesvikiye",Not Provided,Singapore,CA,79903,Singapore,Japan,Natividad,Eric,Large,10/22/2003
10176,33,100,2,7474.5,Shipped,4,11,2003,Classic Cars,207,S12_1108,L'ordine Souveniers,0522-556555,Strada Provinciale 124,Not Provided,Reggio Emilia,CA,42100,Italy,EMEA,Moroni,Maurizio,Large,11/6/2003
10185,21,100,13,3883.74,Shipped,4,11,2003,Classic Cars,207,S12_1108,Mini Creations Ltd.,5085559555,4575 Hillside Dr.,Not Provided,New Bedford,MA,50553,USA,Unknown,Tam,Wing C,Medium,11/14/2003
10196,47,100,5,8887.7,Shipped,4,11,2003,Classic Cars,207,S12_1108,Super Scale Inc.,2035559545,567 North Pendale Street,Not Provided,New Haven,CT,97823,USA,Unknown,Murphy,Leslie,Large,11/26/2003
10208,46,100,13,8602.92,Shipped,1,1,2004,Classic Cars,207,S12_1108,"Saveley & Henriot, Co.",78.32.5555,"2, rue du Commerce",Not Provided,Lyon,CA,69004,France,EMEA,Saveley,Mary,Large,1/2/2004
10220,32,100,2,7181.44,Shipped,1,2,2004,Classic Cars,207,S12_1108,"Clover Collections, Co.",+353 1862 1555,25 Maiden Lane,Floor No. 4,Dublin,CA,2,Ireland,EMEA,Cassidy,Dean,Large,2/12/2004
10231,42,100,2,8378.58,Shipped,1,3,2004,Classic Cars,207,S12_1108,CAF Imports,+34 913 728 555,"Merchants House, 27-30 Merchant's Quay",Not Provided,Madrid,CA,28023,Spain,EMEA,Fernandez,Jesus,Large,3/19/2004
10247,44,100,2,10606.2,Shipped,2,5,2004,Classic Cars,207,S12_1108,Suominen Souveniers,+358 9 8045 555,"Software Engineering Center, SEC Oy",Not Provided,Espoo,CA,FIN-02271,Finland,EMEA,Suominen,Kalle,Large,5/5/2004
10272,35,100,2,5818.4,Shipped,3,7,2004,Classic Cars,207,S12_1108,Diecast Classics Inc.,2155551555,7586 Pompton St.,Not Provided,Allentown,PA,70267,USA,Unknown,Yu,Kyung,Medium,7/20/2004
10282,41,100,5,7071.27,Shipped,3,8,2004,Classic Cars,207,S12_1108,Mini Gifts Distributors Ltd.,4155551450,5677 Strong St.,Not Provided,San Rafael,CA,97562,USA,Unknown,Nelson,Valarie,Large,8/20/2004
10293,46,100,8,8411.56,Shipped,3,9,2004,Classic Cars,207,S12_1108,Amica Models & Co.,011-4988555,Via Monte Bianco 34,Not Provided,Torino,CA,10100,Italy,EMEA,Accorti,Paolo,Large,9/9/2004
10306,31,100,13,6570.76,Shipped,4,10,2004,Classic Cars,207,S12_1108,"AV Stores, Co.",(171) 555-1555,Fauntleroy Circus,Not Provided,Manchester,CA,EC2 5NT,UK,EMEA,Ashworth,Victoria,Medium,10/14/2004
10314,38,100,5,7975.44,Shipped,4,10,2004,Classic Cars,207,S12_1108,Heintze Collectables,86 21 3555,Smagsloget 45,Not Provided,Aaarhus,CA,8200,Denmark,EMEA,Ibsen,Palle,Large,10/22/2004
10325,42,64,8,2688,Shipped,4,11,2004,Classic Cars,207,S12_1108,Baane Mini Imports,07-98 9555,Erling Skakkes gate 78,Not Provided,Stavern,CA,4110,Norway,EMEA,Bergulfsen,Jonas,Small,11/5/2004
10336,33,57.22,10,1888.26,Shipped,4,11,2004,Classic Cars,207,S12_1108,"La Corne D'abondance, Co.",(1) 42.34.2555,"265, boulevard Charonne",Not Provided,Paris,CA,75012,France,EMEA,Bertrand,Marie,Small,11/20/2004
10348,48,52.36,8,2513.28,Shipped,4,11,2004,Classic Cars,207,S12_1108,"Corrida Auto Replicas, Ltd",(91) 555 22 82,"C/ Araquil, 67",Not Provided,Madrid,CA,28023,Spain,EMEA,Sommer,Mart¡n,Small,11/1/2004
10359,42,100,8,4764.48,Shipped,4,12,2004,Classic Cars,207,S12_1108,Reims Collectables,26.47.1555,59 rue de l'Abbaye,Not Provided,Reims,CA,51100,France,EMEA,Henriot,Paul,Medium,12/15/2004
10371,32,100,6,3560.64,Shipped,1,1,2005,Classic Cars,207,S12_1108,Mini Gifts Distributors Ltd.,4155551450,5677 Strong St.,Not Provided,San Rafael,CA,97562,USA,Unknown,Nelson,Valarie,Medium,1/23/2005
10382,34,100,10,3823.64,Shipped,1,2,2005,Classic Cars,207,S12_1108,Mini Gifts Distributors Ltd.,4155551450,5677 Strong St.,Not Provided,San Rafael,CA,97562,USA,Unknown,Nelson,Valarie,Medium,2/17/2005
10395,33,69.12,1,2280.96,Shipped,1,3,2005,Classic Cars,207,S12_1108,Lyon Souveniers,+33 1 46 62 7555,27 rue du Colonel Pierre Avia,Not Provided,Paris,CA,75508,France,EMEA,Da Cunha,Daniel,Small,3/17/2005
10413,36,100,2,8677.8,Shipped,2,5,2005,Classic Cars,207,S12_1108,Gift Depot Inc.,2035552570,25593 South Bay Ln.,Not Provided,Bridgewater,CT,97562,USA,Unknown,King,Julie,Large,5/5/2005
10103,27,100,8,3394.98,Shipped,1,1,2003,Trucks and Buses,136,S12_1666,Baane Mini Imports,07-98 9555,Erling Skakkes gate 78,Not Provided,Stavern,CA,4110,Norway,EMEA,Bergulfsen,Jonas,Medium,1/29/2003
10113,21,100,2,3415.44,Shipped,1,3,2003,Trucks and Buses,136,S12_1666,Mini Gifts Distributors Ltd.,4155551450,5677 Strong St.,Not Provided,San Rafael,CA,97562,USA,Unknown,Nelson,Valarie,Medium,3/26/2003
10126,21,100,8,2439.57,Shipped,2,5,2003,Trucks and Buses,136,S12_1666,"Corrida Auto Replicas, Ltd",(91) 555 22 82,"C/ Araquil, 67",Not Provided,Madrid,CA,28023,Spain,EMEA,Sommer,Mart¡n,Small,5/28/2003
10140,38,100,8,4829.8,Shipped,3,7,2003,Trucks and Buses,136,S12_1666,Technics Stores Inc.,6505556809,9408 Furth Circle,Not Provided,Burlingame,CA,94217,USA,Unknown,Hirano,Juri,Medium,7/24/2003
10150,30,100,5,4100.1,Shipped,3,9,2003,Trucks and Buses,136,S12_1666,"Dragon Souveniers, Ltd.",+65 221 7555,"Bronz Sok., Bronz Apt. 3/6 Tesvikiye",Not Provided,Singapore,CA,79903,Singapore,Japan,Natividad,Eric,Medium,9/19/2003
10164,49,100,6,6563.06,Resolved,4,10,2003,Trucks and Buses,136,S12_1666,Mini Auto Werke,7675-3555,Kirchgasse 6,Not Provided,Graz,CA,8010,Austria,EMEA,Mendel,Roland,Medium,10/21/2003
10174,43,100,1,6817.22,Shipped,4,11,2003,Trucks and Buses,136,S12_1666,"Australian Gift Network, Co",61-7-3844-6555,31 Duncan St. West End,Not Provided,South Brisbane,Queensland,4101,Australia,APAC,Calaghan,Tony,Medium,11/6/2003
10183,41,100,5,6163.94,Shipped,4,11,2003,Trucks and Buses,136,S12_1666,"Classic Gift Ideas, Inc",2155554695,782 First Street,Not Provided,Philadelphia,PA,71270,USA,Unknown,Cervantes,Francisca,Medium,11/13/2003
10194,38,100,8,4933.92,Shipped,4,11,2003,Trucks and Buses,136,S12_1666,"Saveley & Henriot, Co.",78.32.5555,"2, rue du Commerce",Not Provided,Lyon,CA,69004,France,EMEA,Saveley,Mary,Medium,11/25/2003
10206,28,100,3,4056.36,Shipped,4,12,2003,Trucks and Buses,136,S12_1666,Canadian Gift Exchange Network,(604) 555-3392,1900 Oak St.,Not Provided,Vancouver,BC,V3F 2K1,Canada,Unknown,Tannamuri,Yoshi,Medium,12/5/2003
10216,43,100,1,5759.42,Shipped,1,2,2004,Trucks and Buses,136,S12_1666,Auto Assoc. & Cie.,30.59.8555,"67, avenue de l'Europe",Not Provided,Versailles,CA,78000,France,EMEA,Tonini,Daniel,Medium,2/2/2004
10229,25,100,13,3451,Shipped,1,3,2004,Trucks and Buses,136,S12_1666,Mini Gifts Distributors Ltd.,4155551450,5677 Strong St.,Not Provided,San Rafael,CA,97562,USA,Unknown,Nelson,Valarie,Medium,3/11/2004
10245,38,100,6,5920.4,Shipped,2,5,2004,Trucks and Buses,136,S12_1666,Super Scale Inc.,2035559545,567 North Pendale Street,Not Provided,New Haven,CT,97823,USA,Unknown,Murphy,Leslie,Medium,5/4/2004
10258,41,100,3,6668.24,Shipped,2,6,2004,Trucks and Buses,136,S12_1666,"Tokyo Collectables, Ltd",+81 3 3584 0555,2-2-8 Roppongi,Not Provided,Minato-ku,Tokyo,106-0032,Japan,Japan,Shimamura,Akiko,Medium,6/15/2004
10270,28,100,6,4094.72,Shipped,3,7,2004,Trucks and Buses,136,S12_1666,Souveniers And Things Co.,+61 2 9495 8555,"Monitor Money Building, 815 Pacific Hwy",Level 6,Chatswood,NSW,2067,Australia,APAC,Huxley,Adrian,Medium,7/19/2004
10281,25,100,13,2938.5,Shipped,3,8,2004,Trucks and Buses,136,S12_1666,Diecast Classics Inc.,2155551555,7586 Pompton St.,Not Provided,Allentown,PA,70267,USA,Unknown,Yu,Kyung,Small,8/19/2004
10291,41,100,8,6387.8,Shipped,3,9,2004,Trucks and Buses,136,S12_1666,Scandinavian Gift Ideas,0695-34 6555,?kergatan 24,Not Provided,Boras,CA,S-844 67,Sweden,EMEA,Larsson,Maria,Medium,9/8/2004
10304,39,100,3,6396,Shipped,4,10,2004,Trucks and Buses,136,S12_1666,Auto Assoc. & Cie.,30.59.8555,"67, avenue de l'Europe",Not Provided,Versailles,CA,78000,France,EMEA,Tonini,Daniel,Medium,10/11/2004
10313,21,100,11,2669.1,Shipped,4,10,2004,Trucks and Buses,136,S12_1666,Canadian Gift Exchange Network,(604) 555-3392,1900 Oak St.,Not Provided,Vancouver,BC,V3F 2K1,Canada,Unknown,Tannamuri,Yoshi,Small,10/22/2004
10322,27,100,9,4784.13,Shipped,4,11,2004,Trucks and Buses,136,S12_1666,Online Diecast Creations Co.,6035558647,2304 Long Airport Avenue,Not Provided,Nashua,NH,62005,USA,Unknown,Young,Valarie,Medium,11/4/2004
10333,33,99.21,6,3273.93,Shipped,4,11,2004,Trucks and Buses,136,S12_1666,Mini Wheels Co.,6505555787,5557 North Pendale Street,Not Provided,San Francisco,CA,,USA,Unknown,Murphy,Julie,Medium,11/18/2004
10347,29,100,3,3586.43,Shipped,4,11,2004,Trucks and Buses,136,S12_1666,"Australian Collectors, Co.",03 9520 4555,636 St Kilda Road,Level 3,Melbourne,Victoria,3004,Australia,APAC,Ferguson,Peter,Medium,11/29/2004
10357,49,100,8,5960.36,Shipped,4,12,2004,Trucks and Buses,136,S12_1666,Mini Gifts Distributors Ltd.,4155551450,5677 Strong St.,Not Provided,San Rafael,CA,97562,USA,Unknown,Nelson,Valarie,Medium,12/10/2004
10370,49,100,8,8470.14,Shipped,1,1,2005,Trucks and Buses,136,S12_1666,"Anna's Decorations, Ltd",02 9936 8555,201 Miller Street,Level 15,North Sydney,NSW,2060,Australia,APAC,O'Hara,Anna,Large,1/20/2005
10381,20,100,1,2952,Shipped,1,2,2005,Trucks and Buses,136,S12_1666,Corporate Gift Ideas Co.,6505551386,7734 Strong St.,Not Provided,San Francisco,CA,,USA,Unknown,Brown,Julie,Small,2/17/2005
10391,39,63.2,9,2464.8,Shipped,1,3,2005,Trucks and Buses,136,S12_1666,"Anna's Decorations, Ltd",02 9936 8555,201 Miller Street,Level 15,North Sydney,NSW,2060,Australia,APAC,O'Hara,Anna,Small,3/9/2005
10411,40,100,6,6232,Shipped,2,5,2005,Trucks and Buses,136,S12_1666,Quebec Home Shopping Network,(514) 555-8054,43 rue St. Laurent,Not Provided,Montreal,Quebec,H1J 1C3,Canada,Unknown,Fresnisre,Jean,Medium,5/1/2005
10424,49,100,3,7969.36,In Process,2,5,2005,Trucks and Buses,136,S12_1666,Euro Shopping Channel,(91) 555 94 44,"C/ Moralzarzal, 86",Not Provided,Madrid,CA,28034,Spain,EMEA,Freyre,Diego,Large,5/31/2005
10107,21,100,1,3036.6,Shipped,1,2,2003,Motorcycles,150,S12_2823,Land of Toys Inc.,2125557818,897 Long Airport Avenue,Not Provided,NYC,NY,10022,USA,Unknown,Yu,Kwai,Medium,2/24/2003
10121,50,100,4,8284,Shipped,2,5,2003,Motorcycles,150,S12_2823,Reims Collectables,26.47.1555,59 rue de l'Abbaye,Not Provided,Reims,CA,51100,France,EMEA,Henriot,Paul,Large,5/7/2003
10134,20,100,1,2711.2,Shipped,3,7,2003,Motorcycles,150,S12_2823,Lyon Souveniers,+33 1 46 62 7555,27 rue du Colonel Pierre Avia,Not Provided,Paris,CA,75508,France,EMEA,Da Cunha,Daniel,Small,7/1/2003
10145,49,100,5,8339.8,Shipped,3,8,2003,Motorcycles,150,S12_2823,Toys4GrownUps.com,6265557265,78934 Hillside Dr.,Not Provided,Pasadena,CA,90003,USA,Unknown,Young,Julie,Large,8/25/2003
10159,38,100,13,6238.84,Shipped,4,10,2003,Motorcycles,150,S12_2823,Corporate Gift Ideas Co.,6505551386,7734 Strong St.,Not Provided,San Francisco,CA,,USA,Unknown,Brown,Julie,Medium,10/10/2003
10169,35,100,13,4639.25,Shipped,4,11,2003,Motorcycles,150,S12_2823,"Anna's Decorations, Ltd",02 9936 8555,201 Miller Street,Level 15,North Sydney,NSW,2060,Australia,APAC,O'Hara,Anna,Medium,11/4/2003
10180,40,100,8,6747.6,Shipped,4,11,2003,Motorcycles,150,S12_2823,Daedalus Designs Imports,20.16.1555,"184, chausse de Tournai",Not Provided,Lille,CA,59000,France,EMEA,Rance,Martine,Medium,11/11/2003
10189,28,100,1,4512.48,Shipped,4,11,2003,Motorcycles,150,S12_2823,Toys4GrownUps.com,6265557265,78934 Hillside Dr.,Not Provided,Pasadena,CA,90003,USA,Unknown,Young,Julie,Medium,11/18/2003
10201,25,100,1,4029,Shipped,4,12,2003,Motorcycles,150,S12_2823,Mini Wheels Co.,6505555787,5557 North Pendale Street,Not Provided,San Francisco,CA,,USA,Unknown,Murphy,Julie,Medium,12/1/2003
10211,36,100,13,4771.8,Shipped,1,1,2004,Motorcycles,150,S12_2823,Auto Canal Petit,(1) 47.55.6555,"25, rue Lauriston",Not Provided,Paris,CA,75016,France,EMEA,Perrier,Dominique,Medium,1/15/2004
10224,43,100,6,6087.94,Shipped,1,2,2004,Motorcycles,150,S12_2823,Daedalus Designs Imports,20.16.1555,"184, chausse de Tournai",Not Provided,Lille,CA,59000,France,EMEA,Rance,Martine,Medium,2/21/2004
10237,32,100,6,4193.28,Shipped,2,4,2004,Motorcycles,150,S12_2823,Vitachrome Inc.,2125551500,2678 Kingston Rd.,Suite 101,NYC,NY,10022,USA,Unknown,Frick,Michael,Medium,4/5/2004
10251,46,100,1,7552.28,Shipped,2,5,2004,Motorcycles,150,S12_2823,Tekni Collectables Inc.,2015559350,7476 Moss Rd.,Not Provided,Newark,NJ,94019,USA,Unknown,Brown,William,Large,5/18/2004
10263,48,100,1,6434.4,Shipped,2,6,2004,Motorcycles,150,S12_2823,Gift Depot Inc.,2035552570,25593 South Bay Ln.,Not Provided,Bridgewater,CT,97562,USA,Unknown,King,Julie,Medium,6/28/2004
10276,43,100,14,5181.5,Shipped,3,8,2004,Motorcycles,150,S12_2823,Online Mini Collectables,6175557555,7635 Spinnaker Dr.,Not Provided,Brickhaven,MA,58339,USA,Unknown,Barajas,Miguel,Medium,8/2/2004
10285,49,100,5,6863.92,Shipped,3,8,2004,Motorcycles,150,S12_2823,Marta's Replicas Co.,6175558555,39323 Spinnaker Dr.,Not Provided,Cambridge,MA,51247,USA,Unknown,Hernandez,Marta,Medium,8/27/2004
10299,24,100,8,4157.04,Shipped,3,9,2004,Motorcycles,150,S12_2823,"Toys of Finland, Co.",90-224 8555,Keskuskatu 45,Not Provided,Helsinki,CA,21240,Finland,EMEA,Karttunen,Matti,Medium,9/30/2004
10309,26,100,4,4660.24,Shipped,4,10,2004,Motorcycles,150,S12_2823,Baane Mini Imports,07-98 9555,Erling Skakkes gate 78,Not Provided,Stavern,CA,4110,Norway,EMEA,Bergulfsen,Jonas,Medium,10/15/2004
10319,30,100,9,4111.8,Shipped,4,11,2004,Motorcycles,150,S12_2823,Microscale Inc.,2125551957,5290 North Pendale Street,Suite 200,NYC,NY,10022,USA,Unknown,Kuo,Kee,Medium,11/3/2004
10329,24,100,6,3542.64,Shipped,4,11,2004,Motorcycles,150,S12_2823,Land of Toys Inc.,2125557818,897 Long Airport Avenue,Not Provided,NYC,NY,10022,USA,Unknown,Yu,Kwai,Medium,11/15/2004
10341,55,100,8,8118.55,Shipped,4,11,2004,Motorcycles,150,S12_2823,Salzburg Collectables,6562-9555,Geislweg 14,Not Provided,Salzburg,CA,5020,Austria,EMEA,Pipps,Georg,Large,11/24/2004
10362,22,100,1,3877.06,Shipped,1,1,2005,Motorcycles,150,S12_2823,Technics Stores Inc.,6505556809,9408 Furth Circle,Not Provided,Burlingame,CA,94217,USA,Unknown,Hirano,Juri,Medium,1/5/2005
10375,49,78.92,13,3867.08,Shipped,1,2,2005,Motorcycles,150,S12_2823,La Rochelle Gifts,40.67.8555,"67, rue des Cinquante Otages",Not Provided,Nantes,CA,44000,France,EMEA,Labrune,Janine,Medium,2/3/2005
10388,44,100,6,5951.44,Shipped,1,3,2005,Motorcycles,150,S12_2823,FunGiftIdeas.com,5085552555,1785 First Street,Not Provided,New Bedford,MA,50553,USA,Unknown,Benitez,Violeta,Medium,3/3/2005
10403,66,100,6,8648.64,Shipped,2,4,2005,Motorcycles,150,S12_2823,"UK Collectables, Ltd.",(171) 555-2282,Berkeley Gardens 12  Brewery,Not Provided,Liverpool,CA,WX1 6LT,UK,EMEA,Devon,Elizabeth,Large,4/8/2005
10417,21,100,1,3447.78,Disputed,2,5,2005,Motorcycles,150,S12_2823,Euro Shopping Channel,(91) 555 94 44,"C/ Moralzarzal, 86",Not Provided,Madrid,CA,28034,Spain,EMEA,Freyre,Diego,Medium,5/13/2005
10104,34,100,1,5958.5,Shipped,1,1,2003,Classic Cars,151,S12_3148,Euro Shopping Channel,(91) 555 94 44,"C/ Moralzarzal, 86",Not Provided,Madrid,CA,28034,Spain,EMEA,Freyre,Diego,Medium,1/31/2003
10117,43,100,10,5911.64,Shipped,2,4,2003,Classic Cars,151,S12_3148,"Dragon Souveniers, Ltd.",+65 221 7555,"Bronz Sok., Bronz Apt. 3/6 Tesvikiye",Not Provided,Singapore,CA,79903,Singapore,Japan,Natividad,Eric,Medium,4/16/2003
10127,46,100,3,7366.44,Shipped,2,6,2003,Classic Cars,151,S12_3148,Muscle Machine Inc,2125557413,4092 Furth Circle,Suite 400,NYC,NY,10022,USA,Unknown,Young,Jeff,Large,6/3/2003
10142,33,100,13,4985.64,Shipped,3,8,2003,Classic Cars,151,S12_3148,Mini Gifts Distributors Ltd.,4155551450,5677 Strong St.,Not Provided,San Rafael,CA,97562,USA,Unknown,Nelson,Valarie,Medium,8/8/2003
10153,42,100,12,5393.64,Shipped,3,9,2003,Classic Cars,151,S12_3148,Euro Shopping Channel,(91) 555 94 44,"C/ Moralzarzal, 86",Not Provided,Madrid,CA,28034,Spain,EMEA,Freyre,Diego,Medium,9/28/2003
10165,34,100,4,4880.02,Shipped,4,10,2003,Classic Cars,151,S12_3148,"Dragon Souveniers, Ltd.",+65 221 7555,"Bronz Sok., Bronz Apt. 3/6 Tesvikiye",Not Provided,Singapore,CA,79903,Singapore,Japan,Natividad,Eric,Medium,10/22/2003
10176,47,100,3,8378.69,Shipped,4,11,2003,Classic Cars,151,S12_3148,L'ordine Souveniers,0522-556555,Strada Provinciale 124,Not Provided,Reggio Emilia,CA,42100,Italy,EMEA,Moroni,Maurizio,Large,11/6/2003
10185,33,100,14,4038.21,Shipped,4,11,2003,Classic Cars,151,S12_3148,Mini Creations Ltd.,5085559555,4575 Hillside Dr.,Not Provided,New Bedford,MA,50553,USA,Unknown,Tam,Wing C,Medium,11/14/2003
10196,24,100,6,3807.12,Shipped,4,11,2003,Classic Cars,151,S12_3148,Super Scale Inc.,2035559545,567 North Pendale Street,Not Provided,New Haven,CT,97823,USA,Unknown,Murphy,Leslie,Medium,11/26/2003
10208,26,100,14,3142.36,Shipped,1,1,2004,Classic Cars,151,S12_3148,"Saveley & Henriot, Co.",78.32.5555,"2, rue du Commerce",Not Provided,Lyon,CA,69004,France,EMEA,Saveley,Mary,Medium,1/2/2004
10220,30,100,3,4713.6,Shipped,1,2,2004,Classic Cars,151,S12_3148,"Clover Collections, Co.",+353 1862 1555,25 Maiden Lane,Floor No. 4,Dublin,CA,2,Ireland,EMEA,Cassidy,Dean,Medium,2/12/2004
10230,43,100,1,7016.31,Shipped,1,3,2004,Classic Cars,151,S12_3148,"Blauer See Auto, Co.",+49 69 66 90 2555,Lyonerstr. 34,Not Provided,Frankfurt,CA,60528,Germany,EMEA,Keitel,Roland,Large,3/15/2004
10247,25,100,3,4381.25,Shipped,2,5,2004,Classic Cars,151,S12_3148,Suominen Souveniers,+358 9 8045 555,"Software Engineering Center, SEC Oy",Not Provided,Espoo,CA,FIN-02271,Finland,EMEA,Suominen,Kalle,Medium,5/5/2004
10272,27,100,3,4283.01,Shipped,3,7,2004,Classic Cars,151,S12_3148,Diecast Classics Inc.,2155551555,7586 Pompton St.,Not Provided,Allentown,PA,70267,USA,Unknown,Yu,Kyung,Medium,7/20/2004
10282,27,100,6,4364.82,Shipped,3,8,2004,Classic Cars,151,S12_3148,Mini Gifts Distributors Ltd.,4155551450,5677 Strong St.,Not Provided,San Rafael,CA,97562,USA,Unknown,Nelson,Valarie,Medium,8/20/2004
10293,24,100,9,4242.24,Shipped,3,9,2004,Classic Cars,151,S12_3148,Amica Models & Co.,011-4988555,Via Monte Bianco 34,Not Provided,Torino,CA,10100,Italy,EMEA,Accorti,Paolo,Medium,9/9/2004
10306,34,100,14,4982.7,Shipped,4,10,2004,Classic Cars,151,S12_3148,"AV Stores, Co.",(171) 555-1555,Fauntleroy Circus,Not Provided,Manchester,CA,EC2 5NT,UK,EMEA,Ashworth,Victoria,Medium,10/14/2004
10314,46,100,6,6393.54,Shipped,4,10,2004,Classic Cars,151,S12_3148,Heintze Collectables,86 21 3555,Smagsloget 45,Not Provided,Aaarhus,CA,8200,Denmark,EMEA,Ibsen,Palle,Medium,10/22/2004
10324,27,54.33,1,1466.91,Shipped,4,11,2004,Classic Cars,151,S12_3148,Vitachrome Inc.,2125551500,2678 Kingston Rd.,Suite 101,NYC,NY,10022,USA,Unknown,Frick,Michael,Small,11/5/2004
10336,33,100,11,4059.33,Shipped,4,11,2004,Classic Cars,151,S12_3148,"La Corne D'abondance, Co.",(1) 42.34.2555,"265, boulevard Charonne",Not Provided,Paris,CA,75012,France,EMEA,Bertrand,Marie,Medium,11/20/2004
10348,47,100,4,4801.52,Shipped,4,11,2004,Classic Cars,151,S12_3148,"Corrida Auto Replicas, Ltd",(91) 555 22 82,"C/ Araquil, 67",Not Provided,Madrid,CA,28023,Spain,EMEA,Sommer,Mart¡n,Medium,11/1/2004
10358,49,55.34,5,2711.66,Shipped,4,12,2004,Classic Cars,151,S12_3148,Euro Shopping Channel,(91) 555 94 44,"C/ Moralzarzal, 86",Not Provided,Madrid,CA,28034,Spain,EMEA,Freyre,Diego,Small,12/10/2004
10372,40,100,4,5862,Shipped,1,1,2005,Classic Cars,151,S12_3148,"Tokyo Collectables, Ltd",+81 3 3584 0555,2-2-8 Roppongi,Not Provided,Minato-ku,Tokyo,106-0032,Japan,Japan,Shimamura,Akiko,Medium,1/26/2005
10382,37,100,11,4071.85,Shipped,1,2,2005,Classic Cars,151,S12_3148,Mini Gifts Distributors Ltd.,4155551450,5677 Strong St.,Not Provided,San Rafael,CA,97562,USA,Unknown,Nelson,Valarie,Medium,2/17/2005
10413,47,100,3,8236.75,Shipped,2,5,2005,Classic Cars,151,S12_3148,Gift Depot Inc.,2035552570,25593 South Bay Ln.,Not Provided,Bridgewater,CT,97562,USA,Unknown,King,Julie,Large,5/5/2005
10108,45,100,4,6130.35,Shipped,1,3,2003,Classic Cars,117,S12_3380,Cruz & Sons Co.,+63 2 555 3587,15 McCallum Street - NatWest Center #13-03,Not Provided,Makati City,CA,1227 MM,Philippines,Japan,Cruz,Arnold,Medium,3/3/2003
10122,37,99.82,8,3693.34,Shipped,2,5,2003,Classic Cars,117,S12_3380,Marseille Mini Autos,91.24.4555,"12, rue des Bouchers",Not Provided,Marseille,CA,13008,France,EMEA,Lebihan,Laurence,Medium,5/8/2003
10135,48,100,5,6031.68,Shipped,3,7,2003,Classic Cars,117,S12_3380,Mini Gifts Distributors Ltd.,4155551450,5677 Strong St.,Not Provided,San Rafael,CA,97562,USA,Unknown,Nelson,Valarie,Medium,7/2/2003
10147,31,100,5,3494.94,Shipped,3,9,2003,Classic Cars,117,S12_3380,Collectables For Less Inc.,6175558555,7825 Douglas Av.,Not Provided,Brickhaven,MA,58339,USA,Unknown,Nelson,Allen,Medium,9/5/2003
10160,46,100,6,5294.14,Shipped,4,10,2003,Classic Cars,117,S12_3380,"Men 'R' US Retailers, Ltd.",2155554369,6047 Douglas Av.,Not Provided,Los Angeles,CA,,USA,Unknown,Chandler,Michael,Medium,10/11/2003
10170,47,100,4,5464.69,Shipped,4,11,2003,Classic Cars,117,S12_3380,Mini Auto Werke,7675-3555,Kirchgasse 6,Not Provided,Graz,CA,8010,Austria,EMEA,Mendel,Roland,Medium,11/4/2003
10181,28,100,12,2860.76,Shipped,4,11,2003,Classic Cars,117,S12_3380,Herkku Gifts,+47 2267 3215,"Drammen 121, PR 744 Sentrum",Not Provided,Bergen,CA,N 5804,Norway,EMEA,Oeztan,Veysel,Small,11/12/2003
10191,40,100,1,5590,Shipped,4,11,2003,Classic Cars,117,S12_3380,"Toms Spezialitten, Ltd",0221-5554327,Mehrheimerstr. 369,Not Provided,Koln,CA,50739,Germany,EMEA,Pfalzheim,Henriette,Medium,11/20/2003
10203,20,100,6,2254.8,Shipped,4,12,2003,Classic Cars,117,S12_3380,Euro Shopping Channel,(91) 555 94 44,"C/ Moralzarzal, 86",Not Provided,Madrid,CA,28034,Spain,EMEA,Freyre,Diego,Small,12/2/2003
10212,39,100,16,4946.76,Shipped,1,1,2004,Classic Cars,117,S12_3380,Euro Shopping Channel,(91) 555 94 44,"C/ Moralzarzal, 86",Not Provided,Madrid,CA,28034,Spain,EMEA,Freyre,Diego,Medium,1/16/2004
10225,25,99.82,7,2495.5,Shipped,1,2,2004,Classic Cars,117,S12_3380,"Vida Sport, Ltd",0897-034555,Grenzacherweg 237,Not Provided,Gensve,CA,1203,Switzerland,EMEA,Holz,Michael,Small,2/22/2004
10238,29,100,1,3167.38,Shipped,2,4,2004,Classic Cars,117,S12_3380,Danish Wholesale Imports,31 12 3555,Vinb'ltet 34,Not Provided,Kobenhavn,CA,1734,Denmark,EMEA,Petersen,Jytte,Medium,4/9/2004
10253,22,100,11,2402.84,Cancelled,2,6,2004,Classic Cars,117,S12_3380,"UK Collectables, Ltd.",(171) 555-2282,Berkeley Gardens 12  Brewery,Not Provided,Liverpool,CA,WX1 6LT,UK,EMEA,Devon,Elizabeth,Small,6/1/2004
10266,22,100,12,2454.54,Shipped,3,7,2004,Classic Cars,117,S12_3380,L'ordine Souveniers,0522-556555,Strada Provinciale 124,Not Provided,Reggio Emilia,CA,42100,Italy,EMEA,Moroni,Maurizio,Small,7/6/2004
10276,47,100,1,5464.69,Shipped,3,8,2004,Classic Cars,117,S12_3380,Online Mini Collectables,6175557555,7635 Spinnaker Dr.,Not Provided,Brickhaven,MA,58339,USA,Unknown,Barajas,Miguel,Medium,8/2/2004
10287,45,100,10,4756.5,Shipped,3,8,2004,Classic Cars,117,S12_3380,"Vida Sport, Ltd",0897-034555,Grenzacherweg 237,Not Provided,Gensve,CA,1203,Switzerland,EMEA,Holz,Michael,Medium,8/30/2004
10300,29,100,3,3984.6,Shipped,4,10,2003,Classic Cars,117,S12_3380,"Blauer See Auto, Co.",+49 69 66 90 2555,Lyonerstr. 34,Not Provided,Frankfurt,CA,60528,Germany,EMEA,Keitel,Roland,Medium,10/4/2003
10310,24,100,8,3100.32,Shipped,4,10,2004,Classic Cars,117,S12_3380,"Toms Spezialitten, Ltd",0221-5554327,Mehrheimerstr. 369,Not Provided,Koln,CA,50739,Germany,EMEA,Pfalzheim,Henriette,Medium,10/16/2004
10320,35,100,1,4850.3,Shipped,4,11,2004,Classic Cars,117,S12_3380,"Volvo Model Replicas, Co",0921-12 3555,Berguvsvgen  8,Not Provided,Lule,CA,S-958 22,Sweden,EMEA,Berglund,Christina,Medium,11/3/2004
10329,46,83.63,13,3846.98,Shipped,4,11,2004,Classic Cars,117,S12_3380,Land of Toys Inc.,2125557818,897 Long Airport Avenue,Not Provided,NYC,NY,10022,USA,Unknown,Yu,Kwai,Medium,11/15/2004
10341,44,95.93,1,4220.92,Shipped,4,11,2004,Classic Cars,117,S12_3380,Salzburg Collectables,6562-9555,Geislweg 14,Not Provided,Salzburg,CA,5020,Austria,EMEA,Pipps,Georg,Medium,11/24/2004
10363,34,96.73,4,3288.82,Shipped,1,1,2005,Classic Cars,117,S12_3380,Suominen Souveniers,+358 9 8045 555,"Software Engineering Center, SEC Oy",Not Provided,Espoo,CA,FIN-02271,Finland,EMEA,Suominen,Kalle,Medium,1/6/2005
10376,35,100,1,3987.2,Shipped,1,2,2005,Classic Cars,117,S12_3380,Boards & Toys Co.,3105552373,4097 Douglas Av.,Not Provided,Glendale,CA,92561,USA,Unknown,Young,Leslie,Medium,2/8/2005
10389,25,72.38,6,1809.5,Shipped,1,3,2005,Classic Cars,117,S12_3380,Scandinavian Gift Ideas,0695-34 6555,?kergatan 24,Not Provided,Boras,CA,S-844 67,Sweden,EMEA,Larsson,Maria,Small,3/3/2005
10419,10,100,11,1092.2,Shipped,2,5,2005,Classic Cars,117,S12_3380,Salzburg Collectables,6562-9555,Geislweg 14,Not Provided,Salzburg,CA,5020,Austria,EMEA,Pipps,Georg,Small,5/17/2005
10105,29,100,14,4566.05,Shipped,1,2,2003,Classic Cars,173,S12_3891,Danish Wholesale Imports,31 12 3555,Vinb'ltet 34,Not Provided,Kobenhavn,CA,1734,Denmark,EMEA,Petersen,Jytte,Medium,2/11/2003
10117,39,100,8,5938.14,Shipped,2,4,2003,Classic Cars,173,S12_3891,"Dragon Souveniers, Ltd.",+65 221 7555,"Bronz Sok., Bronz Apt. 3/6 Tesvikiye",Not Provided,Singapore,CA,79903,Singapore,Japan,Natividad,Eric,Medium,4/16/2003
10127,42,100,1,8138.76,Shipped,2,6,2003,Classic Cars,173,S12_3891,Muscle Machine Inc,2125557413,4092 Furth Circle,Suite 400,NYC,NY,10022,USA,Unknown,Young,Jeff,Large,6/3/2003
10142,46,100,11,9470.94,Shipped,3,8,2003,Classic Cars,173,S12_3891,Mini Gifts Distributors Ltd.,4155551450,5677 Strong St.,Not Provided,San Rafael,CA,97562,USA,Unknown,Nelson,Valarie,Large,8/8/2003
10153,49,100,10,7036.89,Shipped,3,9,2003,Classic Cars,173,S12_3891,Euro Shopping Channel,(91) 555 94 44,"C/ Moralzarzal, 86",Not Provided,Madrid,CA,28034,Spain,EMEA,Freyre,Diego,Large,9/28/2003
10165,27,100,2,5559.03,Shipped,4,10,2003,Classic Cars,173,S12_3891,"Dragon Souveniers, Ltd.",+65 221 7555,"Bronz Sok., Bronz Apt. 3/6 Tesvikiye",Not Provided,Singapore,CA,79903,Singapore,Japan,Natividad,Eric,Medium,10/22/2003
10176,50,100,1,7872.5,Shipped,4,11,2003,Classic Cars,173,S12_3891,L'ordine Souveniers,0522-556555,Strada Provinciale 124,Not Provided,Reggio Emilia,CA,42100,Italy,EMEA,Moroni,Maurizio,Large,11/6/2003
10185,43,100,12,7886.2,Shipped,4,11,2003,Classic Cars,173,S12_3891,Mini Creations Ltd.,5085559555,4575 Hillside Dr.,Not Provided,New Bedford,MA,50553,USA,Unknown,Tam,Wing C,Large,11/14/2003
10196,38,100,4,7232.16,Shipped,4,11,2003,Classic Cars,173,S12_3891,Super Scale Inc.,2035559545,567 North Pendale Street,Not Provided,New Haven,CT,97823,USA,Unknown,Murphy,Leslie,Large,11/26/2003
10208,20,100,12,3114.4,Shipped,1,1,2004,Classic Cars,173,S12_3891,"Saveley & Henriot, Co.",78.32.5555,"2, rue du Commerce",Not Provided,Lyon,CA,69004,France,EMEA,Saveley,Mary,Medium,1/2/2004
10220,27,100,1,5045.22,Shipped,1,2,2004,Classic Cars,173,S12_3891,"Clover Collections, Co.",+353 1862 1555,25 Maiden Lane,Floor No. 4,Dublin,CA,2,Ireland,EMEA,Cassidy,Dean,Medium,2/12/2004
10231,49,100,1,6952.12,Shipped,1,3,2004,Classic Cars,173,S12_3891,CAF Imports,+34 913 728 555,"Merchants House, 27-30 Merchant's Quay",Not Provided,Madrid,CA,28023,Spain,EMEA,Fernandez,Jesus,Medium,3/19/2004
10247,27,100,1,4157.73,Shipped,2,5,2004,Classic Cars,173,S12_3891,Suominen Souveniers,+358 9 8045 555,"Software Engineering Center, SEC Oy",Not Provided,Espoo,CA,FIN-02271,Finland,EMEA,Suominen,Kalle,Medium,5/5/2004
10272,39,100,1,7962.24,Shipped,3,7,2004,Classic Cars,173,S12_3891,Diecast Classics Inc.,2155551555,7586 Pompton St.,Not Provided,Allentown,PA,70267,USA,Unknown,Yu,Kyung,Large,7/20/2004
10282,24,100,4,3778.8,Shipped,3,8,2004,Classic Cars,173,S12_3891,Mini Gifts Distributors Ltd.,4155551450,5677 Strong St.,Not Provided,San Rafael,CA,97562,USA,Unknown,Nelson,Valarie,Medium,8/20/2004
10293,45,100,7,8253,Shipped,3,9,2004,Classic Cars,173,S12_3891,Amica Models & Co.,011-4988555,Via Monte Bianco 34,Not Provided,Torino,CA,10100,Italy,EMEA,Accorti,Paolo,Large,9/9/2004
10306,20,100,12,3633.4,Shipped,4,10,2004,Classic Cars,173,S12_3891,"AV Stores, Co.",(171) 555-1555,Fauntleroy Circus,Not Provided,Manchester,CA,EC2 5NT,UK,EMEA,Ashworth,Victoria,Medium,10/14/2004
10314,36,100,4,6913.8,Shipped,4,10,2004,Classic Cars,173,S12_3891,Heintze Collectables,86 21 3555,Smagsloget 45,Not Provided,Aaarhus,CA,8200,Denmark,EMEA,Ibsen,Palle,Medium,10/22/2004
10325,24,100,1,2583.6,Shipped,4,11,2004,Classic Cars,173,S12_3891,Baane Mini Imports,07-98 9555,Erling Skakkes gate 78,Not Provided,Stavern,CA,4110,Norway,EMEA,Bergulfsen,Jonas,Small,11/5/2004
10336,49,63.38,1,3105.62,Shipped,4,11,2004,Classic Cars,173,S12_3891,"La Corne D'abondance, Co.",(1) 42.34.2555,"265, boulevard Charonne",Not Provided,Paris,CA,75012,France,EMEA,Bertrand,Marie,Medium,11/20/2004
10349,26,100,10,4408.56,Shipped,4,12,2004,Classic Cars,173,S12_3891,Muscle Machine Inc,2125557413,4092 Furth Circle,Suite 400,NYC,NY,10022,USA,Unknown,Young,Jeff,Medium,12/1/2004
10359,49,62.09,5,3042.41,Shipped,4,12,2004,Classic Cars,173,S12_3891,Reims Collectables,26.47.1555,59 rue de l'Abbaye,Not Provided,Reims,CA,51100,France,EMEA,Henriot,Paul,Medium,12/15/2004
10372,34,100,1,5941.5,Shipped,1,1,2005,Classic Cars,173,S12_3891,"Tokyo Collectables, Ltd",+81 3 3584 0555,2-2-8 Roppongi,Not Provided,Minato-ku,Tokyo,106-0032,Japan,Japan,Shimamura,Akiko,Medium,1/26/2005
10382,34,95.35,12,3241.9,Shipped,1,2,2005,Classic Cars,173,S12_3891,Mini Gifts Distributors Ltd.,4155551450,5677 Strong St.,Not Provided,San Rafael,CA,97562,USA,Unknown,Nelson,Valarie,Medium,2/17/2005
10396,33,100,3,6109.29,Shipped,1,3,2005,Classic Cars,173,S12_3891,Mini Gifts Distributors Ltd.,4155551450,5677 Strong St.,Not Provided,San Rafael,CA,97562,USA,Unknown,Nelson,Valarie,Medium,3/23/2005
10413,22,100,1,3387.78,Shipped,2,5,2005,Classic Cars,173,S12_3891,Gift Depot Inc.,2035552570,25593 South Bay Ln.,Not Provided,Bridgewater,CT,97562,USA,Unknown,King,Julie,Medium,5/5/2005
10108,39,89.38,7,3485.82,Shipped,1,3,2003,Classic Cars,79,S12_3990,Cruz & Sons Co.,+63 2 555 3587,15 McCallum Street - NatWest Center #13-03,Not Provided,Makati City,CA,1227 MM,Philippines,Japan,Cruz,Arnold,Medium,3/3/2003
10122,32,63.84,11,2042.88,Shipped,2,5,2003,Classic Cars,79,S12_3990,Marseille Mini Autos,91.24.4555,"12, rue des Bouchers",Not Provided,Marseille,CA,13008,France,EMEA,Lebihan,Laurence,Small,5/8/2003
10135,24,75.01,8,1800.24,Shipped,3,7,2003,Classic Cars,79,S12_3990,Mini Gifts Distributors Ltd.,4155551450,5677 Strong St.,Not Provided,San Rafael,CA,97562,USA,Unknown,Nelson,Valarie,Small,7/2/2003
10147,21,63.84,8,1340.64,Shipped,3,9,2003,Classic Cars,79,S12_3990,Collectables For Less Inc.,6175558555,7825 Douglas Av.,Not Provided,Brickhaven,MA,58339,USA,Unknown,Nelson,Allen,Small,9/5/2003
10159,24,73.42,3,1762.08,Shipped,4,10,2003,Classic Cars,79,S12_3990,Corporate Gift Ideas Co.,6505551386,7734 Strong St.,Not Provided,San Francisco,CA,,USA,Unknown,Brown,Julie,Small,10/10/2003
10169,36,63.84,3,2298.24,Shipped,4,11,2003,Classic Cars,79,S12_3990,"Anna's Decorations, Ltd",02 9936 8555,201 Miller Street,Level 15,North Sydney,NSW,2060,Australia,APAC,O'Hara,Anna,Small,11/4/2003
10181,20,81.4,15,1628,Shipped,4,11,2003,Classic Cars,79,S12_3990,Herkku Gifts,+47 2267 3215,"Drammen 121, PR 744 Sentrum",Not Provided,Bergen,CA,N 5804,Norway,EMEA,Oeztan,Veysel,Small,11/12/2003
10191,30,64.64,4,1939.2,Shipped,4,11,2003,Classic Cars,79,S12_3990,"Toms Spezialitten, Ltd",0221-5554327,Mehrheimerstr. 369,Not Provided,Koln,CA,50739,Germany,EMEA,Pfalzheim,Henriette,Small,11/20/2003
10203,44,82.99,9,3651.56,Shipped,4,12,2003,Classic Cars,79,S12_3990,Euro Shopping Channel,(91) 555 94 44,"C/ Moralzarzal, 86",Not Provided,Madrid,CA,28034,Spain,EMEA,Freyre,Diego,Medium,12/2/2003
10211,28,92.57,3,2591.96,Shipped,1,1,2004,Classic Cars,79,S12_3990,Auto Canal Petit,(1) 47.55.6555,"25, rue Lauriston",Not Provided,Paris,CA,75016,France,EMEA,Perrier,Dominique,Small,1/15/2004
10225,37,77.41,10,2864.17,Shipped,1,2,2004,Classic Cars,79,S12_3990,"Vida Sport, Ltd",0897-034555,Grenzacherweg 237,Not Provided,Gensve,CA,1203,Switzerland,EMEA,Holz,Michael,Small,2/22/2004
10238,20,74.21,4,1484.2,Shipped,2,4,2004,Classic Cars,79,S12_3990,Danish Wholesale Imports,31 12 3555,Vinb'ltet 34,Not Provided,Kobenhavn,CA,1734,Denmark,EMEA,Petersen,Jytte,Small,4/9/2004
10253,25,90.17,14,2254.25,Cancelled,2,6,2004,Classic Cars,79,S12_3990,"UK Collectables, Ltd.",(171) 555-2282,Berkeley Gardens 12  Brewery,Not Provided,Liverpool,CA,WX1 6LT,UK,EMEA,Devon,Elizabeth,Small,6/1/2004
10266,35,76.61,15,2681.35,Shipped,3,7,2004,Classic Cars,79,S12_3990,L'ordine Souveniers,0522-556555,Strada Provinciale 124,Not Provided,Reggio Emilia,CA,42100,Italy,EMEA,Moroni,Maurizio,Small,7/6/2004
10276,38,83.79,4,3184.02,Shipped,3,8,2004,Classic Cars,79,S12_3990,Online Mini Collectables,6175557555,7635 Spinnaker Dr.,Not Provided,Brickhaven,MA,58339,USA,Unknown,Barajas,Miguel,Medium,8/2/2004
10287,41,69.43,13,2846.63,Shipped,3,8,2004,Classic Cars,79,S12_3990,"Vida Sport, Ltd",0897-034555,Grenzacherweg 237,Not Provided,Gensve,CA,1203,Switzerland,EMEA,Holz,Michael,Small,8/30/2004
10300,22,76.61,6,1685.42,Shipped,4,10,2003,Classic Cars,79,S12_3990,"Blauer See Auto, Co.",+49 69 66 90 2555,Lyonerstr. 34,Not Provided,Frankfurt,CA,60528,Germany,EMEA,Keitel,Roland,Small,10/4/2003
10310,49,81.4,11,3988.6,Shipped,4,10,2004,Classic Cars,79,S12_3990,"Toms Spezialitten, Ltd",0221-5554327,Mehrheimerstr. 369,Not Provided,Koln,CA,50739,Germany,EMEA,Pfalzheim,Henriette,Medium,10/16/2004
10320,38,73.42,4,2789.96,Shipped,4,11,2004,Classic Cars,79,S12_3990,"Volvo Model Replicas, Co",0921-12 3555,Berguvsvgen  8,Not Provided,Lule,CA,S-958 22,Sweden,EMEA,Berglund,Christina,Small,11/3/2004
10329,33,100,14,3607.56,Shipped,4,11,2004,Classic Cars,79,S12_3990,Land of Toys Inc.,2125557818,897 Long Airport Avenue,Not Provided,NYC,NY,10022,USA,Unknown,Yu,Kwai,Medium,11/15/2004
10341,36,93.56,10,3368.16,Shipped,4,11,2004,Classic Cars,79,S12_3990,Salzburg Collectables,6562-9555,Geislweg 14,Not Provided,Salzburg,CA,5020,Austria,EMEA,Pipps,Georg,Medium,11/24/2004
10363,34,81.62,5,2775.08,Shipped,1,1,2005,Classic Cars,79,S12_3990,Suominen Souveniers,+358 9 8045 555,"Software Engineering Center, SEC Oy",Not Provided,Espoo,CA,FIN-02271,Finland,EMEA,Suominen,Kalle,Small,1/6/2005
10377,24,67.83,5,1627.92,Shipped,1,2,2005,Classic Cars,79,S12_3990,"Toys of Finland, Co.",90-224 8555,Keskuskatu 45,Not Provided,Helsinki,CA,21240,Finland,EMEA,Karttunen,Matti,Small,2/9/2005
10389,36,70.26,7,2529.36,Shipped,1,3,2005,Classic Cars,79,S12_3990,Scandinavian Gift Ideas,0695-34 6555,?kergatan 24,Not Provided,Boras,CA,S-844 67,Sweden,EMEA,Larsson,Maria,Small,3/3/2005
10419,34,90.17,14,3065.78,Shipped,2,5,2005,Classic Cars,79,S12_3990,Salzburg Collectables,6562-9555,Geislweg 14,Not Provided,Salzburg,CA,5020,Austria,EMEA,Pipps,Georg,Medium,5/17/2005
10104,41,100,9,4615.78,Shipped,1,1,2003,Trucks and Buses,118,S12_4473,Euro Shopping Channel,(91) 555 94 44,"C/ Moralzarzal, 86",Not Provided,Madrid,CA,28034,Spain,EMEA,Freyre,Diego,Medium,1/31/2003
10115,46,100,5,5723.78,Shipped,2,4,2003,Trucks and Buses,118,S12_4473,Classic Legends Inc.,2125558493,5905 Pompton St.,Suite 750,NYC,NY,10022,USA,Unknown,Hernandez,Maria,Medium,4/4/2003
10127,24,100,11,2559.6,Shipped,2,6,2003,Trucks and Buses,118,S12_4473,Muscle Machine Inc,2125557413,4092 Furth Circle,Suite 400,NYC,NY,10022,USA,Unknown,Young,Jeff,Small,6/3/2003
10141,21,100,5,2140.11,Shipped,3,8,2003,Trucks and Buses,118,S12_4473,Suominen Souveniers,+358 9 8045 555,"Software Engineering Center, SEC Oy",Not Provided,Espoo,CA,FIN-02271,Finland,EMEA,Suominen,Kalle,Small,8/1/2003
10151,24,100,3,3327.6,Shipped,3,9,2003,Trucks and Buses,118,S12_4473,"Oulu Toy Supplies, Inc.",981-443655,Torikatu 38,Not Provided,Oulu,CA,90110,Finland,EMEA,Koskitalo,Pirkko,Medium,9/21/2003
10165,48,100,12,6825.6,Shipped,4,10,2003,Trucks and Buses,118,S12_4473,"Dragon Souveniers, Ltd.",+65 221 7555,"Bronz Sok., Bronz Apt. 3/6 Tesvikiye",Not Provided,Singapore,CA,79903,Singapore,Japan,Natividad,Eric,Medium,10/22/2003
10175,26,100,1,3543.28,Shipped,4,11,2003,Trucks and Buses,118,S12_4473,"Stylish Desk Decors, Co.",(171) 555-0297,35 King George,Not Provided,London,CA,WX3 6FW,UK,EMEA,Brown,Ann,Medium,11/6/2003
10184,37,100,6,4516.22,Shipped,4,11,2003,Trucks and Buses,118,S12_4473,"Iberia Gift Imports, Corp.",(95) 555 82 82,"C/ Romero, 33",Not Provided,Sevilla,CA,41101,Spain,EMEA,Roel,Jose Pedro,Medium,11/14/2003
10195,49,100,6,6445.46,Shipped,4,11,2003,Trucks and Buses,118,S12_4473,Mini Classics,9145554562,3758 North Pendale Street,Not Provided,White Plains,NY,24067,USA,Unknown,Frick,Steve,Medium,11/25/2003
10207,34,99.54,7,3384.36,Shipped,4,12,2003,Trucks and Buses,118,S12_4473,Diecast Collectables,6175552555,6251 Ingle Ln.,Not Provided,Boston,MA,51003,USA,Unknown,Franco,Valarie,Medium,12/9/2003
10219,48,100,2,4891.68,Shipped,1,2,2004,Trucks and Buses,118,S12_4473,Signal Collectibles Ltd.,4155554312,2793 Furth Circle,Not Provided,Brisbane,CA,94217,USA,Unknown,Taylor,Sue,Medium,2/10/2004
10229,36,100,1,4521.96,Shipped,1,3,2004,Trucks and Buses,118,S12_4473,Mini Gifts Distributors Ltd.,4155551450,5677 Strong St.,Not Provided,San Rafael,CA,97562,USA,Unknown,Nelson,Valarie,Medium,3/11/2004
10246,46,100,5,5069.66,Shipped,2,5,2004,Trucks and Buses,118,S12_4473,Euro Shopping Channel,(91) 555 94 44,"C/ Moralzarzal, 86",Not Provided,Madrid,CA,28034,Spain,EMEA,Freyre,Diego,Medium,5/5/2004
10259,46,100,4,6541.2,Shipped,2,6,2004,Trucks and Buses,118,S12_4473,Handji Gifts& Co,+65 224 1555,Village Close - 106 Linden Road Sandown,2nd Floor,Singapore,CA,69045,Singapore,APAC,Victorino,Wendy,Medium,6/15/2004
10271,31,97.17,5,3012.27,Shipped,3,7,2004,Trucks and Buses,118,S12_4473,Mini Gifts Distributors Ltd.,4155551450,5677 Strong St.,Not Provided,San Rafael,CA,97562,USA,Unknown,Nelson,Valarie,Medium,7/20/2004
10281,41,100,1,5247.18,Shipped,3,8,2004,Trucks and Buses,118,S12_4473,Diecast Classics Inc.,2155551555,7586 Pompton St.,Not Provided,Allentown,PA,70267,USA,Unknown,Yu,Kyung,Medium,8/19/2004
10292,21,100,8,2214.87,Shipped,3,9,2004,Trucks and Buses,118,S12_4473,Land of Toys Inc.,2125557818,897 Long Airport Avenue,Not Provided,NYC,NY,10022,USA,Unknown,Yu,Kwai,Small,9/8/2004
10305,38,100,5,4773.18,Shipped,4,10,2004,Trucks and Buses,118,S12_4473,Marta's Replicas Co.,6175558555,39323 Spinnaker Dr.,Not Provided,Cambridge,MA,51247,USA,Unknown,Hernandez,Marta,Medium,10/13/2004
10314,45,100,14,6185.7,Shipped,4,10,2004,Trucks and Buses,118,S12_4473,Heintze Collectables,86 21 3555,Smagsloget 45,Not Provided,Aaarhus,CA,8200,Denmark,EMEA,Ibsen,Palle,Medium,10/22/2004
10324,26,58.38,7,1517.88,Shipped,4,11,2004,Trucks and Buses,118,S12_4473,Vitachrome Inc.,2125551500,2678 Kingston Rd.,Suite 101,NYC,NY,10022,USA,Unknown,Frick,Michael,Small,11/5/2004
10336,38,100,3,6372.6,Shipped,4,11,2004,Trucks and Buses,118,S12_4473,"La Corne D'abondance, Co.",(1) 42.34.2555,"265, boulevard Charonne",Not Provided,Paris,CA,75012,France,EMEA,Bertrand,Marie,Medium,11/20/2004
10349,48,100,9,5232.96,Shipped,4,12,2004,Trucks and Buses,118,S12_4473,Muscle Machine Inc,2125557413,4092 Furth Circle,Suite 400,NYC,NY,10022,USA,Unknown,Young,Jeff,Medium,12/1/2004
10358,42,64.16,9,2694.72,Shipped,4,12,2004,Trucks and Buses,118,S12_4473,Euro Shopping Channel,(91) 555 94 44,"C/ Moralzarzal, 86",Not Provided,Madrid,CA,28034,Spain,EMEA,Freyre,Diego,Small,12/10/2004
10371,49,35.71,4,1749.79,Shipped,1,1,2005,Trucks and Buses,118,S12_4473,Mini Gifts Distributors Ltd.,4155551450,5677 Strong St.,Not Provided,San Rafael,CA,97562,USA,Unknown,Nelson,Valarie,Small,1/23/2005
10382,32,66.58,13,2130.56,Shipped,1,2,2005,Trucks and Buses,118,S12_4473,Mini Gifts Distributors Ltd.,4155551450,5677 Strong St.,Not Provided,San Rafael,CA,97562,USA,Unknown,Nelson,Valarie,Small,2/17/2005
10412,54,100,5,5951.34,Shipped,2,5,2005,Trucks and Buses,118,S12_4473,Euro Shopping Channel,(91) 555 94 44,"C/ Moralzarzal, 86",Not Provided,Madrid,CA,28034,Spain,EMEA,Freyre,Diego,Medium,5/3/2005
10425,33,100,4,4692.6,In Process,2,5,2005,Trucks and Buses,118,S12_4473,La Rochelle Gifts,40.67.8555,"67, rue des Cinquante Otages",Not Provided,Nantes,CA,44000,France,EMEA,Labrune,Janine,Medium,5/31/2005
10108,36,100,3,3731.04,Shipped,1,3,2003,Classic Cars,115,S12_4675,Cruz & Sons Co.,+63 2 555 3587,15 McCallum Street - NatWest Center #13-03,Not Provided,Makati City,CA,1227 MM,Philippines,Japan,Cruz,Arnold,Medium,3/3/2003
10122,20,100,7,2142,Shipped,2,5,2003,Classic Cars,115,S12_4675,Marseille Mini Autos,91.24.4555,"12, rue des Bouchers",Not Provided,Marseille,CA,13008,France,EMEA,Lebihan,Laurence,Small,5/8/2003
10135,29,97.89,4,2838.81,Shipped,3,7,2003,Classic Cars,115,S12_4675,Mini Gifts Distributors Ltd.,4155551450,5677 Strong St.,Not Provided,San Rafael,CA,97562,USA,Unknown,Nelson,Valarie,Small,7/2/2003
10147,33,97.89,4,3230.37,Shipped,3,9,2003,Classic Cars,115,S12_4675,Collectables For Less Inc.,6175558555,7825 Douglas Av.,Not Provided,Brickhaven,MA,58339,USA,Unknown,Nelson,Allen,Medium,9/5/2003
10160,50,100,5,5182,Shipped,4,10,2003,Classic Cars,115,S12_4675,"Men 'R' US Retailers, Ltd.",2155554369,6047 Douglas Av.,Not Provided,Los Angeles,CA,,USA,Unknown,Chandler,Michael,Medium,10/11/2003
10170,41,100,3,4391.1,Shipped,4,11,2003,Classic Cars,115,S12_4675,Mini Auto Werke,7675-3555,Kirchgasse 6,Not Provided,Graz,CA,8010,Austria,EMEA,Mendel,Roland,Medium,11/4/2003
10181,36,100,11,4477.32,Shipped,4,11,2003,Classic Cars,115,S12_4675,Herkku Gifts,+47 2267 3215,"Drammen 121, PR 744 Sentrum",Not Provided,Bergen,CA,N 5804,Norway,EMEA,Oeztan,Veysel,Medium,11/12/2003
10192,27,100,16,3544.56,Shipped,4,11,2003,Classic Cars,115,S12_4675,Online Diecast Creations Co.,6035558647,2304 Long Airport Avenue,Not Provided,Nashua,NH,62005,USA,Unknown,Young,Valarie,Medium,11/20/2003
10203,47,100,5,5195.85,Shipped,4,12,2003,Classic Cars,115,S12_4675,Euro Shopping Channel,(91) 555 94 44,"C/ Moralzarzal, 86",Not Provided,Madrid,CA,28034,Spain,EMEA,Freyre,Diego,Medium,12/2/2003
10212,33,100,15,4180.44,Shipped,1,1,2004,Classic Cars,115,S12_4675,Euro Shopping Channel,(91) 555 94 44,"C/ Moralzarzal, 86",Not Provided,Madrid,CA,28034,Spain,EMEA,Freyre,Diego,Medium,1/16/2004
10225,21,100,6,2684.43,Shipped,1,2,2004,Classic Cars,115,S12_4675,"Vida Sport, Ltd",0897-034555,Grenzacherweg 237,Not Provided,Gensve,CA,1203,Switzerland,EMEA,Holz,Michael,Small,2/22/2004
10239,21,93.28,5,1958.88,Shipped,2,4,2004,Classic Cars,115,S12_4675,"Oulu Toy Supplies, Inc.",981-443655,Torikatu 38,Not Provided,Oulu,CA,90110,Finland,EMEA,Koskitalo,Pirkko,Small,4/12/2004
10253,41,100,10,4910.57,Cancelled,2,6,2004,Classic Cars,115,S12_4675,"UK Collectables, Ltd.",(171) 555-2282,Berkeley Gardens 12  Brewery,Not Provided,Liverpool,CA,WX1 6LT,UK,EMEA,Devon,Elizabeth,Medium,6/1/2004
10266,40,100,11,4468.4,Shipped,3,7,2004,Classic Cars,115,S12_4675,L'ordine Souveniers,0522-556555,Strada Provinciale 124,Not Provided,Reggio Emilia,CA,42100,Italy,EMEA,Moroni,Maurizio,Medium,7/6/2004
10277,28,100,1,3127.88,Shipped,3,8,2004,Classic Cars,115,S12_4675,"Dragon Souveniers, Ltd.",+65 221 7555,"Bronz Sok., Bronz Apt. 3/6 Tesvikiye",Not Provided,Singapore,CA,79903,Singapore,Japan,Natividad,Eric,Medium,8/4/2004
10287,23,100,9,2675.13,Shipped,3,8,2004,Classic Cars,115,S12_4675,"Vida Sport, Ltd",0897-034555,Grenzacherweg 237,Not Provided,Gensve,CA,1203,Switzerland,EMEA,Holz,Michael,Small,8/30/2004
10300,23,100,2,2807.61,Shipped,4,10,2003,Classic Cars,115,S12_4675,"Blauer See Auto, Co.",+49 69 66 90 2555,Lyonerstr. 34,Not Provided,Frankfurt,CA,60528,Germany,EMEA,Keitel,Roland,Small,10/4/2003
10310,25,100,7,2504.75,Shipped,4,10,2004,Classic Cars,115,S12_4675,"Toms Spezialitten, Ltd",0221-5554327,Mehrheimerstr. 369,Not Provided,Koln,CA,50739,Germany,EMEA,Pfalzheim,Henriette,Small,10/16/2004
10321,24,100,15,2984.88,Shipped,4,11,2004,Classic Cars,115,S12_4675,FunGiftIdeas.com,5085552555,1785 First Street,Not Provided,New Bedford,MA,50553,USA,Unknown,Benitez,Violeta,Small,11/4/2004
10329,39,64.74,15,2524.86,Shipped,4,11,2004,Classic Cars,115,S12_4675,Land of Toys Inc.,2125557818,897 Long Airport Avenue,Not Provided,NYC,NY,10022,USA,Unknown,Yu,Kwai,Small,11/15/2004
10341,55,75.2,7,4136,Shipped,4,11,2004,Classic Cars,115,S12_4675,Salzburg Collectables,6562-9555,Geislweg 14,Not Provided,Salzburg,CA,5020,Austria,EMEA,Pipps,Georg,Medium,11/24/2004
10363,46,88.45,6,4068.7,Shipped,1,1,2005,Classic Cars,115,S12_4675,Suominen Souveniers,+358 9 8045 555,"Software Engineering Center, SEC Oy",Not Provided,Espoo,CA,FIN-02271,Finland,EMEA,Suominen,Kalle,Medium,1/6/2005
10377,50,100,1,5182,Shipped,1,2,2005,Classic Cars,115,S12_4675,"Toys of Finland, Co.",90-224 8555,Keskuskatu 45,Not Provided,Helsinki,CA,21240,Finland,EMEA,Karttunen,Matti,Medium,2/9/2005
10389,47,100,8,5243.79,Shipped,1,3,2005,Classic Cars,115,S12_4675,Scandinavian Gift Ideas,0695-34 6555,?kergatan 24,Not Provided,Boras,CA,S-844 67,Sweden,EMEA,Larsson,Maria,Medium,3/3/2005
10405,97,93.28,5,9048.16,Shipped,2,4,2005,Classic Cars,115,S12_4675,Mini Caravy,88.60.1555,"24, place Kluber",Not Provided,Strasbourg,CA,67000,France,EMEA,Citeaux,Frederique,Large,4/14/2005
10419,32,100,10,3832.64,Shipped,2,5,2005,Classic Cars,115,S12_4675,Salzburg Collectables,6562-9555,Geislweg 14,Not Provided,Salzburg,CA,5020,Austria,EMEA,Pipps,Georg,Medium,5/17/2005
10103,35,100,10,3920,Shipped,1,1,2003,Trucks and Buses,116,S18_1097,Baane Mini Imports,07-98 9555,Erling Skakkes gate 78,Not Provided,Stavern,CA,4110,Norway,EMEA,Bergulfsen,Jonas,Medium,1/29/2003
10113,49,100,4,4916.66,Shipped,1,3,2003,Trucks and Buses,116,S18_1097,Mini Gifts Distributors Ltd.,4155551450,5677 Strong St.,Not Provided,San Rafael,CA,97562,USA,Unknown,Nelson,Valarie,Medium,3/26/2003
10126,38,100,10,3857,Shipped,2,5,2003,Trucks and Buses,116,S18_1097,"Corrida Auto Replicas, Ltd",(91) 555 22 82,"C/ Araquil, 67",Not Provided,Madrid,CA,28023,Spain,EMEA,Sommer,Mart¡n,Medium,5/28/2003
10140,32,100,10,4181.44,Shipped,3,7,2003,Trucks and Buses,116,S18_1097,Technics Stores Inc.,6505556809,9408 Furth Circle,Not Provided,Burlingame,CA,94217,USA,Unknown,Hirano,Juri,Medium,7/24/2003
10150,34,100,7,4641,Shipped,3,9,2003,Trucks and Buses,116,S18_1097,"Dragon Souveniers, Ltd.",+65 221 7555,"Bronz Sok., Bronz Apt. 3/6 Tesvikiye",Not Provided,Singapore,CA,79903,Singapore,Japan,Natividad,Eric,Medium,9/19/2003
10164,36,99.17,8,3570.12,Resolved,4,10,2003,Trucks and Buses,116,S18_1097,Mini Auto Werke,7675-3555,Kirchgasse 6,Not Provided,Graz,CA,8010,Austria,EMEA,Mendel,Roland,Medium,10/21/2003
10174,48,93.34,3,4480.32,Shipped,4,11,2003,Trucks and Buses,116,S18_1097,"Australian Gift Network, Co",61-7-3844-6555,31 Duncan St. West End,Not Provided,South Brisbane,Queensland,4101,Australia,APAC,Calaghan,Tony,Medium,11/6/2003
10183,21,96.84,7,2033.64,Shipped,4,11,2003,Trucks and Buses,116,S18_1097,"Classic Gift Ideas, Inc",2155554695,782 First Street,Not Provided,Philadelphia,PA,71270,USA,Unknown,Cervantes,Francisca,Small,11/13/2003
10194,21,93.34,10,1960.14,Shipped,4,11,2003,Trucks and Buses,116,S18_1097,"Saveley & Henriot, Co.",78.32.5555,"2, rue du Commerce",Not Provided,Lyon,CA,69004,France,EMEA,Saveley,Mary,Small,11/25/2003
10206,34,100,5,3966.78,Shipped,4,12,2003,Trucks and Buses,116,S18_1097,Canadian Gift Exchange Network,(604) 555-3392,1900 Oak St.,Not Provided,Vancouver,BC,V3F 2K1,Canada,Unknown,Tannamuri,Yoshi,Medium,12/5/2003
10215,46,100,2,5152,Shipped,1,1,2004,Trucks and Buses,116,S18_1097,West Coast Collectables Co.,3105553722,3675 Furth Circle,Not Provided,Burbank,CA,94019,USA,Unknown,Thompson,Steve,Medium,1/29/2004
10228,32,100,1,3360,Shipped,1,3,2004,Trucks and Buses,116,S18_1097,Cambridge Collectables Co.,6175555555,4658 Baden Av.,Not Provided,Cambridge,MA,51247,USA,Unknown,Tseng,Kyung,Medium,3/10/2004
10245,29,100,8,3451,Shipped,2,5,2004,Trucks and Buses,116,S18_1097,Super Scale Inc.,2035559545,567 North Pendale Street,Not Provided,New Haven,CT,97823,USA,Unknown,Murphy,Leslie,Medium,5/4/2004
10258,41,100,5,5453,Shipped,2,6,2004,Trucks and Buses,116,S18_1097,"Tokyo Collectables, Ltd",+81 3 3584 0555,2-2-8 Roppongi,Not Provided,Minato-ku,Tokyo,106-0032,Japan,Japan,Shimamura,Akiko,Medium,6/15/2004
10270,43,96.84,8,4164.12,Shipped,3,7,2004,Trucks and Buses,116,S18_1097,Souveniers And Things Co.,+61 2 9495 8555,"Monitor Money Building, 815 Pacific Hwy",Level 6,Chatswood,NSW,2067,Australia,APAC,Huxley,Adrian,Medium,7/19/2004
10280,24,100,1,2800.08,Shipped,3,8,2004,Trucks and Buses,116,S18_1097,Amica Models & Co.,011-4988555,Via Monte Bianco 34,Not Provided,Torino,CA,10100,Italy,EMEA,Accorti,Paolo,Small,8/17/2004
10291,41,100,10,4687.94,Shipped,3,9,2004,Trucks and Buses,116,S18_1097,Scandinavian Gift Ideas,0695-34 6555,?kergatan 24,Not Provided,Boras,CA,S-844 67,Sweden,EMEA,Larsson,Maria,Medium,9/8/2004
10304,46,98,5,4508,Shipped,4,10,2004,Trucks and Buses,116,S18_1097,Auto Assoc. & Cie.,30.59.8555,"67, avenue de l'Europe",Not Provided,Versailles,CA,78000,France,EMEA,Tonini,Daniel,Medium,10/11/2004
10312,32,100,2,4181.44,Shipped,4,10,2004,Trucks and Buses,116,S18_1097,Mini Gifts Distributors Ltd.,4155551450,5677 Strong St.,Not Provided,San Rafael,CA,97562,USA,Unknown,Nelson,Valarie,Medium,10/21/2004
10322,22,100,10,2251.04,Shipped,4,11,2004,Trucks and Buses,116,S18_1097,Online Diecast Creations Co.,6035558647,2304 Long Airport Avenue,Not Provided,Nashua,NH,62005,USA,Unknown,Young,Valarie,Small,11/4/2004
10333,29,40.25,7,1167.25,Shipped,4,11,2004,Trucks and Buses,116,S18_1097,Mini Wheels Co.,6505555787,5557 North Pendale Street,Not Provided,San Francisco,CA,,USA,Unknown,Murphy,Julie,Small,11/18/2004
10347,42,49.6,5,2083.2,Shipped,4,11,2004,Trucks and Buses,116,S18_1097,"Australian Collectors, Co.",03 9520 4555,636 St Kilda Road,Level 3,Melbourne,Victoria,3004,Australia,APAC,Ferguson,Peter,Small,11/29/2004
10357,39,98,1,3822,Shipped,4,12,2004,Trucks and Buses,116,S18_1097,Mini Gifts Distributors Ltd.,4155551450,5677 Strong St.,Not Provided,San Rafael,CA,97562,USA,Unknown,Nelson,Valarie,Medium,12/10/2004
10370,27,100,1,3911.49,Shipped,1,1,2005,Trucks and Buses,116,S18_1097,"Anna's Decorations, Ltd",02 9936 8555,201 Miller Street,Level 15,North Sydney,NSW,2060,Australia,APAC,O'Hara,Anna,Medium,1/20/2005
10381,48,98,2,4704,Shipped,1,2,2005,Trucks and Buses,116,S18_1097,Corporate Gift Ideas Co.,6505551386,7734 Strong St.,Not Provided,San Francisco,CA,,USA,Unknown,Brown,Julie,Medium,2/17/2005
10391,29,85.1,10,2467.9,Shipped,1,3,2005,Trucks and Buses,116,S18_1097,"Anna's Decorations, Ltd",02 9936 8555,201 Miller Street,Level 15,North Sydney,NSW,2060,Australia,APAC,O'Hara,Anna,Small,3/9/2005
10411,27,100,8,3213,Shipped,2,5,2005,Trucks and Buses,116,S18_1097,Quebec Home Shopping Network,(514) 555-8054,43 rue St. Laurent,Not Provided,Montreal,Quebec,H1J 1C3,Canada,Unknown,Fresnisre,Jean,Medium,5/1/2005
10424,54,100,5,7182,In Process,2,5,2005,Trucks and Buses,116,S18_1097,Euro Shopping Channel,(91) 555 94 44,"C/ Moralzarzal, 86",Not Provided,Madrid,CA,28034,Spain,EMEA,Freyre,Diego,Large,5/31/2005
10109,26,100,4,4379.18,Shipped,1,3,2003,Classic Cars,141,S18_1129,Motor Mint Distributors Inc.,2155559857,11328 Douglas Av.,Not Provided,Philadelphia,PA,71270,USA,Unknown,Hernandez,Rosa,Medium,3/10/2003
10122,34,100,2,5004.8,Shipped,2,5,2003,Classic Cars,141,S18_1129,Marseille Mini Autos,91.24.4555,"12, rue des Bouchers",Not Provided,Marseille,CA,13008,France,EMEA,Lebihan,Laurence,Medium,5/8/2003
10136,25,100,2,3644.75,Shipped,3,7,2003,Classic Cars,141,S18_1129,Alpha Cognac,61.77.6555,1 rue Alsace-Lorraine,Not Provided,Toulouse,CA,31000,France,EMEA,Roulet,Annette,Medium,7/4/2003
10148,23,100,13,2702.04,Shipped,3,9,2003,Classic Cars,141,S18_1129,"Anna's Decorations, Ltd",02 9936 8555,201 Miller Street,Level 15,North Sydney,NSW,2060,Australia,APAC,O'Hara,Anna,Small,9/11/2003
10161,28,100,12,3764.88,Shipped,4,10,2003,Classic Cars,141,S18_1129,Heintze Collectables,86 21 3555,Smagsloget 45,Not Provided,Aaarhus,CA,8200,Denmark,EMEA,Ibsen,Palle,Medium,10/17/2003
10171,35,100,2,4508,Shipped,4,11,2003,Classic Cars,141,S18_1129,Quebec Home Shopping Network,(514) 555-8054,43 rue St. Laurent,Not Provided,Montreal,Quebec,H1J 1C3,Canada,Unknown,Fresnisre,Jean,Medium,11/5/2003
10181,44,100,6,5418.16,Shipped,4,11,2003,Classic Cars,141,S18_1129,Herkku Gifts,+47 2267 3215,"Drammen 121, PR 744 Sentrum",Not Provided,Bergen,CA,N 5804,Norway,EMEA,Oeztan,Veysel,Medium,11/12/2003
10192,22,100,11,3300.66,Shipped,4,11,2003,Classic Cars,141,S18_1129,Online Diecast Creations Co.,6035558647,2304 Long Airport Avenue,Not Provided,Nashua,NH,62005,USA,Unknown,Young,Valarie,Medium,11/20/2003
10204,42,100,17,6182.4,Shipped,4,12,2003,Classic Cars,141,S18_1129,Muscle Machine Inc,2125557413,4092 Furth Circle,Suite 400,NYC,NY,10022,USA,Unknown,Young,Jeff,Medium,12/2/2003
10212,29,100,10,4186.73,Shipped,1,1,2004,Classic Cars,141,S18_1129,Euro Shopping Channel,(91) 555 94 44,"C/ Moralzarzal, 86",Not Provided,Madrid,CA,28034,Spain,EMEA,Freyre,Diego,Medium,1/16/2004
10225,32,100,1,4529.28,Shipped,1,2,2004,Classic Cars,141,S18_1129,"Vida Sport, Ltd",0897-034555,Grenzacherweg 237,Not Provided,Gensve,CA,1203,Switzerland,EMEA,Holz,Michael,Medium,2/22/2004
10240,41,100,3,5628.89,Shipped,2,4,2004,Classic Cars,141,S18_1129,Osaka Souveniers Co.,+81 06 6342 5555,"Dojima Avanza 4F, 1-6-20 Dojima, Kita-ku",Not Provided,Osaka,Osaka,530-0003,Japan,Japan,Kentary,Mory,Medium,4/13/2004
10253,26,100,5,3054.48,Cancelled,2,6,2004,Classic Cars,141,S18_1129,"UK Collectables, Ltd.",(171) 555-2282,Berkeley Gardens 12  Brewery,Not Provided,Liverpool,CA,WX1 6LT,UK,EMEA,Devon,Elizabeth,Medium,6/1/2004
10266,21,100,6,2526.51,Shipped,3,7,2004,Classic Cars,141,S18_1129,L'ordine Souveniers,0522-556555,Strada Provinciale 124,Not Provided,Reggio Emilia,CA,42100,Italy,EMEA,Moroni,Maurizio,Small,7/6/2004
10278,34,100,6,4667.86,Shipped,3,8,2004,Classic Cars,141,S18_1129,Signal Gift Stores,7025551838,8489 Strong St.,Not Provided,Las Vegas,NV,83030,USA,Unknown,King,Sue,Medium,8/6/2004
10287,41,100,4,6499.32,Shipped,3,8,2004,Classic Cars,141,S18_1129,"Vida Sport, Ltd",0897-034555,Grenzacherweg 237,Not Provided,Gensve,CA,1203,Switzerland,EMEA,Holz,Michael,Medium,8/30/2004
10301,37,100,8,5917.78,Shipped,4,10,2003,Classic Cars,141,S18_1129,"Norway Gifts By Mail, Co.",+47 2212 1555,"Drammensveien 126 A, PB 744 Sentrum",Not Provided,Oslo,CA,N 0106,Norway,EMEA,Klaeboe,Jan,Medium,10/5/2003
10310,37,100,2,6231.91,Shipped,4,10,2004,Classic Cars,141,S18_1129,"Toms Spezialitten, Ltd",0221-5554327,Mehrheimerstr. 369,Not Provided,Koln,CA,50739,Germany,EMEA,Pfalzheim,Henriette,Medium,10/16/2004
10321,41,100,10,5803.14,Shipped,4,11,2004,Classic Cars,141,S18_1129,FunGiftIdeas.com,5085552555,1785 First Street,Not Provided,New Bedford,MA,50553,USA,Unknown,Benitez,Violeta,Medium,11/4/2004
10331,46,100,6,6434.02,Shipped,4,11,2004,Classic Cars,141,S18_1129,Motor Mint Distributors Inc.,2155559857,11328 Douglas Av.,Not Provided,Philadelphia,PA,71270,USA,Unknown,Hernandez,Rosa,Medium,11/17/2004
10342,40,100,2,6454.4,Shipped,4,11,2004,Classic Cars,141,S18_1129,"Australian Collectors, Co.",03 9520 4555,636 St Kilda Road,Level 3,Melbourne,Victoria,3004,Australia,APAC,Ferguson,Peter,Medium,11/24/2004
10356,43,97.6,8,4196.8,Shipped,4,12,2004,Classic Cars,141,S18_1129,Lyon Souveniers,+33 1 46 62 7555,27 rue du Colonel Pierre Avia,Not Provided,Paris,CA,75508,France,EMEA,Da Cunha,Daniel,Medium,12/9/2004
10365,30,87.06,1,2611.8,Shipped,1,1,2005,Classic Cars,141,S18_1129,Mini Creations Ltd.,5085559555,4575 Hillside Dr.,Not Provided,New Bedford,MA,50553,USA,Unknown,Tam,Wing C,Small,1/7/2005
10377,35,100,2,5895.05,Shipped,1,2,2005,Classic Cars,141,S18_1129,"Toys of Finland, Co.",90-224 8555,Keskuskatu 45,Not Provided,Helsinki,CA,21240,Finland,EMEA,Karttunen,Matti,Medium,2/9/2005
10390,36,93.77,14,3375.72,Shipped,1,3,2005,Classic Cars,141,S18_1129,Mini Gifts Distributors Ltd.,4155551450,5677 Strong St.,Not Provided,San Rafael,CA,97562,USA,Unknown,Nelson,Valarie,Medium,3/4/2005
10406,61,100,3,8374.69,Disputed,2,4,2005,Classic Cars,141,S18_1129,Danish Wholesale Imports,31 12 3555,Vinb'ltet 34,Not Provided,Kobenhavn,CA,1734,Denmark,EMEA,Petersen,Jytte,Large,4/15/2005
10419,38,100,5,4464.24,Shipped,2,5,2005,Classic Cars,141,S18_1129,Salzburg Collectables,6562-9555,Geislweg 14,Not Provided,Salzburg,CA,5020,Austria,EMEA,Pipps,Georg,Medium,5/17/2005
10102,39,100,2,4808.31,Shipped,1,1,2003,Vintage Cars,102,S18_1342,Vitachrome Inc.,2125551500,2678 Kingston Rd.,Suite 101,NYC,NY,10022,USA,Unknown,Frick,Michael,Medium,1/10/2003
10111,33,99.66,6,3288.78,Shipped,1,3,2003,Vintage Cars,102,S18_1342,Mini Wheels Co.,6505555787,5557 North Pendale Street,Not Provided,San Francisco,CA,,USA,Unknown,Murphy,Julie,Medium,3/25/2003
10125,32,100,1,3254.72,Shipped,2,5,2003,Vintage Cars,102,S18_1342,"Australian Collectors, Co.",03 9520 4555,636 St Kilda Road,Level 3,Melbourne,Victoria,3004,Australia,APAC,Ferguson,Peter,Medium,5/21/2003
10139,31,100,7,3184.94,Shipped,3,7,2003,Vintage Cars,102,S18_1342,Souveniers And Things Co.,+61 2 9495 8555,"Monitor Money Building, 815 Pacific Hwy",Level 6,Chatswood,NSW,2067,Australia,APAC,Huxley,Adrian,Medium,7/16/2003
10149,50,100,4,5907.5,Shipped,3,9,2003,Vintage Cars,102,S18_1342,Signal Collectibles Ltd.,4155554312,2793 Furth Circle,Not Provided,Brisbane,CA,94217,USA,Unknown,Taylor,Sue,Medium,9/12/2003
10162,48,91.44,2,4389.12,Shipped,4,10,2003,Vintage Cars,102,S18_1342,Corporate Gift Ideas Co.,6505551386,7734 Strong St.,Not Provided,San Francisco,CA,,USA,Unknown,Brown,Julie,Medium,10/18/2003
10173,43,100,6,5036.16,Shipped,4,11,2003,Vintage Cars,102,S18_1342,Rovelli Gifts,035-640555,Via Ludovico il Moro 22,Not Provided,Bergamo,CA,24100,Italy,EMEA,Rovelli,Giovanni,Medium,11/5/2003
10182,25,87.33,3,2183.25,Shipped,4,11,2003,Vintage Cars,102,S18_1342,Mini Gifts Distributors Ltd.,4155551450,5677 Strong St.,Not Provided,San Rafael,CA,97562,USA,Unknown,Nelson,Valarie,Small,11/12/2003
10193,28,100,7,3106.88,Shipped,4,11,2003,Vintage Cars,102,S18_1342,"Australian Collectables, Ltd",61-9-3844-6555,7 Allen Street,Not Provided,Glen Waverly,Victoria,3150,Australia,APAC,Connery,Sean,Medium,11/21/2003
10205,36,100,2,3735.72,Shipped,4,12,2003,Vintage Cars,102,S18_1342,Euro Shopping Channel,(91) 555 94 44,"C/ Moralzarzal, 86",Not Provided,Madrid,CA,28034,Spain,EMEA,Freyre,Diego,Medium,12/3/2003
10215,27,89.38,10,2413.26,Shipped,1,1,2004,Vintage Cars,102,S18_1342,West Coast Collectables Co.,3105553722,3675 Furth Circle,Not Provided,Burbank,CA,94019,USA,Unknown,Thompson,Steve,Small,1/29/2004
10227,25,100,3,2953.75,Shipped,1,3,2004,Vintage Cars,102,S18_1342,"Saveley & Henriot, Co.",78.32.5555,"2, rue du Commerce",Not Provided,Lyon,CA,69004,France,EMEA,Saveley,Mary,Small,3/2/2004
10244,40,100,7,4684.8,Shipped,2,4,2004,Vintage Cars,102,S18_1342,Euro Shopping Channel,(91) 555 94 44,"C/ Moralzarzal, 86",Not Provided,Madrid,CA,28034,Spain,EMEA,Freyre,Diego,Medium,4/29/2004
10256,34,95.55,2,3248.7,Shipped,2,6,2004,Vintage Cars,102,S18_1342,Danish Wholesale Imports,31 12 3555,Vinb'ltet 34,Not Provided,Kobenhavn,CA,1734,Denmark,EMEA,Petersen,Jytte,Medium,6/8/2004
10280,50,100,9,5239.5,Shipped,3,8,2004,Vintage Cars,102,S18_1342,Amica Models & Co.,011-4988555,Via Monte Bianco 34,Not Provided,Torino,CA,10100,Italy,EMEA,Accorti,Paolo,Medium,8/17/2004
10289,38,100,2,4567.98,Shipped,3,9,2004,Vintage Cars,102,S18_1342,Herkku Gifts,+47 2267 3215,"Drammen 121, PR 744 Sentrum",Not Provided,Bergen,CA,N 5804,Norway,EMEA,Oeztan,Veysel,Medium,9/3/2004
10304,37,95.55,13,3535.35,Shipped,4,10,2004,Vintage Cars,102,S18_1342,Auto Assoc. & Cie.,30.59.8555,"67, avenue de l'Europe",Not Provided,Versailles,CA,78000,France,EMEA,Tonini,Daniel,Medium,10/11/2004
10312,43,89.38,10,3843.34,Shipped,4,10,2004,Vintage Cars,102,S18_1342,Mini Gifts Distributors Ltd.,4155551450,5677 Strong St.,Not Provided,San Rafael,CA,97562,USA,Unknown,Nelson,Valarie,Medium,10/21/2004
10322,43,86.3,14,3710.9,Shipped,4,11,2004,Vintage Cars,102,S18_1342,Online Diecast Creations Co.,6035558647,2304 Long Airport Avenue,Not Provided,Nashua,NH,62005,USA,Unknown,Young,Valarie,Medium,11/4/2004
10332,46,95.13,15,4375.98,Shipped,4,11,2004,Vintage Cars,102,S18_1342,"AV Stores, Co.",(171) 555-1555,Fauntleroy Circus,Not Provided,Manchester,CA,EC2 5NT,UK,EMEA,Ashworth,Victoria,Medium,11/17/2004
10346,42,36.11,3,1516.62,Shipped,4,11,2004,Vintage Cars,102,S18_1342,Signal Gift Stores,7025551838,8489 Strong St.,Not Provided,Las Vegas,NV,83030,USA,Unknown,King,Sue,Small,11/29/2004
10356,50,50.18,9,2509,Shipped,4,12,2004,Vintage Cars,102,S18_1342,Lyon Souveniers,+33 1 46 62 7555,27 rue du Colonel Pierre Avia,Not Provided,Paris,CA,75508,France,EMEA,Da Cunha,Daniel,Small,12/9/2004
10369,44,100,8,9240.44,Shipped,1,1,2005,Vintage Cars,102,S18_1342,Collectables For Less Inc.,6175558555,7825 Douglas Av.,Not Provided,Brickhaven,MA,58339,USA,Unknown,Nelson,Allen,Large,1/20/2005
10380,27,93.16,13,2515.32,Shipped,1,2,2005,Vintage Cars,102,S18_1342,Euro Shopping Channel,(91) 555 94 44,"C/ Moralzarzal, 86",Not Provided,Madrid,CA,28034,Spain,EMEA,Freyre,Diego,Small,2/16/2005
